{"type":"FeatureCollection","crs":{"type":"name","properties":{"name":"EPSG:4326"}},"features":[{"type":"Feature","id":1,"geometry":{"type":"Point","coordinates":[-73.9183141140051,40.8212802568784]},"properties":{"FID":1,"address":"345 East 153rd Street","borough":"X","gardenname":"Melrose Houses Community Garden - Melrose Houses (NYCHA)","juris":"NYCHA","status":"Active","crossstree":"Morris Ave and courtland ave","ORIG_FID":0,"DataSource":"NYC Open Data - GreenThumb Garden Info"}},{"type":"Feature","id":2,"geometry":{"type":"Point","coordinates":[-73.8347969651078,40.8838693993533]},"properties":{"FID":2,"address":"3601 Marolla Place","borough":"X","gardenname":"Ujamaa Northeast Community Garden","juris":"DOT","status":"Active","crossstree":" ","ORIG_FID":1,"DataSource":"NYC Open Data - GreenThumb Garden Info"}},{"type":"Feature","id":3,"geometry":{"type":"Point","coordinates":[-73.845636613339,40.8174634882494]},"properties":{"FID":3,"address":"2225 Lacombe Avenue","borough":"X","gardenname":"Karol's Urban Farm - Castle Hill Houses (NYCHA)","juris":"NYCHA","status":"Active","crossstree":"Castle Hill Avenue & Lacombe Avenue","ORIG_FID":2,"DataSource":"NYC Open Data - GreenThumb Garden Info"}},{"type":"Feature","id":4,"geometry":{"type":"Point","coordinates":[-73.9016609791708,40.8226001540739]},"properties":{"FID":4,"address":"950 Union Ave, Bronx, NY 10459","borough":"X","gardenname":"Union Garden -Union Houses -(NYCHA)","juris":"NYCHA","status":"Active","crossstree":"East 163rd street & Union Avenue","ORIG_FID":3,"DataSource":"NYC Open Data - GreenThumb Garden Info"}},{"type":"Feature","id":5,"geometry":{"type":"Point","coordinates":[-73.9030201470621,40.8362314499215]},"properties":{"FID":5,"address":"1460 Washington Avenue","borough":"X","gardenname":"Flower Garden- Morris II Houses (NYCHA)","juris":"NYCHA","status":"Active","crossstree":"3rd Avenue & East 170th street","ORIG_FID":4,"DataSource":"NYC Open Data - GreenThumb Garden Info"}},{"type":"Feature","id":6,"geometry":{"type":"Point","coordinates":[-73.9236241916031,40.815622190212]},"properties":{"FID":6,"address":"414 Morris Ave, Bronx, NY 10451","borough":"B","gardenname":"People Garden- Patterson Houses (NYCHA)","juris":"NYCHA","status":"Active","crossstree":"Morris Avenue & East 144th street","ORIG_FID":5,"DataSource":"NYC Open Data - GreenThumb Garden Info"}},{"type":"Feature","id":7,"geometry":{"type":"Point","coordinates":[-73.9078929095301,40.8755686442776]},"properties":{"FID":7,"address":"5240 Broadway","borough":"X","gardenname":"Marble Hill Garden - Marble Hill Houses (NYCHA)","juris":"NYCHA","status":"Active","crossstree":"Broadway & West 228th","ORIG_FID":6,"DataSource":"NYC Open Data - GreenThumb Garden Info"}},{"type":"Feature","id":8,"geometry":{"type":"Point","coordinates":[-73.8820844784159,40.8673094720546]},"properties":{"FID":8,"address":"419 Botanical Square S, The Bronx, NY 10","borough":"X","gardenname":"Botanical Square Community Garden","juris":"MTA","status":"Not GreenThumb","crossstree":" ","ORIG_FID":7,"DataSource":"NYC Open Data - GreenThumb Garden Info"}},{"type":"Feature","id":9,"geometry":{"type":"Point","coordinates":[-73.8229182869493,40.8190142594006]},"properties":{"FID":9,"address":"2761 Sampson Avenue Bronx NY 10465","borough":"X","gardenname":"Love Community Garden - Throggs Neck houses (NYCHA)","juris":"NYCHA","status":"Not GreenThumb","crossstree":"Sampson Avenue & Swinton Avenue","ORIG_FID":8,"DataSource":"NYC Open Data - GreenThumb Garden Info"}},{"type":"Feature","id":10,"geometry":{"type":"Point","coordinates":[-73.9095461737169,40.8124531672799]},"properties":{"FID":10,"address":"515 Jackson Avenue Bronx NY 10455","borough":"X","gardenname":"El Jardín de Los Amigos de Moore - Moore Houses- (NYCHA)","juris":"NYCHA","status":"Active","crossstree":"Jackson Avenue &  East 149th street","ORIG_FID":9,"DataSource":"NYC Open Data - GreenThumb Garden Info"}},{"type":"Feature","id":11,"geometry":{"type":"Point","coordinates":[-73.9049465938102,40.8216255362895]},"properties":{"FID":11,"address":"731 East 161 Street Bronx NY 10456","borough":"X","gardenname":"Joyful Garden (NYCHA - McKinley )","juris":"NYCHA","status":"Not GreenThumb","crossstree":"East 161street & Tinton Avenue","ORIG_FID":10,"DataSource":"NYC Open Data - GreenThumb Garden Info"}},{"type":"Feature","id":12,"geometry":{"type":"Point","coordinates":[-73.8585146685171,40.8613715579511]},"properties":{"FID":12,"address":"985 Waring Avenue Bronx NY 10469","borough":"X","gardenname":"Pelham Organic - Pelham Houses- (NYCHA)","juris":"NYCHA","status":"Active","crossstree":"Waring Avenue & Colden Avenue","ORIG_FID":11,"DataSource":"NYC Open Data - GreenThumb Garden Info"}},{"type":"Feature","id":13,"geometry":{"type":"Point","coordinates":[-73.8559311267201,40.8212183385555]},"properties":{"FID":13,"address":"1960 PUGSLEY AVENUE","borough":"X","gardenname":"Adlai E. Stevenson High School-Ecological Garden","juris":"DOE","status":"Not GreenThumb","crossstree":"Lafayette & Stickball Avenue","ORIG_FID":12,"DataSource":"NYC Open Data - GreenThumb Garden Info"}},{"type":"Feature","id":14,"geometry":{"type":"Point","coordinates":[-73.9137234679636,40.8526227399475]},"properties":{"FID":14,"address":"1885 UNIVERSITY AVENUE","borough":"X","gardenname":"Linden Bushwick - Calvary Methodist Church","juris":"PRI","status":"Not GreenThumb","crossstree":"W. Burnside & W. Tremont","ORIG_FID":13,"DataSource":"NYC Open Data - GreenThumb Garden Info"}},{"type":"Feature","id":15,"geometry":{"type":"Point","coordinates":[-73.8982121969353,40.8287678575506]},"properties":{"FID":15,"address":"1323 Prospect Avenue","borough":"X","gardenname":"People's Garden","juris":"PRI","status":"Not GreenThumb","crossstree":"corner of E. 168th St and Prospect Ave.","ORIG_FID":14,"DataSource":"NYC Open Data - GreenThumb Garden Info"}},{"type":"Feature","id":16,"geometry":{"type":"Point","coordinates":[-73.9012469924547,40.8775561208184]},"properties":{"FID":16,"address":"3101 Kingsbridge Terrace","borough":"X","gardenname":"Kingsbridge Heights Community Garden","juris":"PRI","status":"Not GreenThumb","crossstree":"Perot St. & Summit PL","ORIG_FID":15,"DataSource":"NYC Open Data - GreenThumb Garden Info"}},{"type":"Feature","id":17,"geometry":{"type":"Point","coordinates":[-73.9011058402623,40.8150793090629]},"properties":{"FID":17,"address":"685 Beck Street","borough":"X","gardenname":"The William Rainey Garden","juris":"BLT","status":"Active","crossstree":"Leggett Street & Avenue, Street John","ORIG_FID":16,"DataSource":"NYC Open Data - GreenThumb Garden Info"}},{"type":"Feature","id":18,"geometry":{"type":"Point","coordinates":[-73.9248848207778,40.821303450394]},"properties":{"FID":18,"address":"670 Grand Concourse","borough":"X","gardenname":"New Roots Community Farm","juris":"DOT","status":"Active","crossstree":"corner of East 153rd St.","ORIG_FID":17,"DataSource":"NYC Open Data - GreenThumb Garden Info"}},{"type":"Feature","id":19,"geometry":{"type":"Point","coordinates":[-73.863662801597,40.8777490766586]},"properties":{"FID":19,"address":"739 East 211th Street","borough":"X","gardenname":"211th Street Community Garden","juris":"NYRP","status":"Active","crossstree":"corner of 211th St. and Carlisle Place","ORIG_FID":18,"DataSource":"NYC Open Data - GreenThumb Garden Info"}},{"type":"Feature","id":20,"geometry":{"type":"Point","coordinates":[-73.8944325424279,40.8472512557409]},"properties":{"FID":20,"address":"1981 Lafontaine Ave.","borough":"X","gardenname":"Oasis on the Green","juris":"BLT","status":"Active","crossstree":"E. 178th & LaFontaine Avenue","ORIG_FID":19,"DataSource":"NYC Open Data - GreenThumb Garden Info"}},{"type":"Feature","id":21,"geometry":{"type":"Point","coordinates":[-73.9271406900907,40.832801659569]},"properties":{"FID":21,"address":"1001 Anderson Avenue","borough":"X","gardenname":"Target Bronx (Anderson Avenue Community Garden)","juris":"NYRP","status":"Active","crossstree":"W 164th & W 165th Streets","ORIG_FID":20,"DataSource":"NYC Open Data - GreenThumb Garden Info"}},{"type":"Feature","id":22,"geometry":{"type":"Point","coordinates":[-73.9193030543924,40.8284461637595]},"properties":{"FID":22,"address":"955 Sherman Avenue","borough":"X","gardenname":"Sun, Wind & Shade Oasis","juris":"BLT","status":"Active","crossstree":"164th & 165th Streets","ORIG_FID":21,"DataSource":"NYC Open Data - GreenThumb Garden Info"}},{"type":"Feature","id":23,"geometry":{"type":"Point","coordinates":[-73.9175403157329,40.8820261731694]},"properties":{"FID":23,"address":"2975 Independence Avenue","borough":"X","gardenname":"Schervier Community Garden","juris":"PRI","status":"Not GreenThumb","crossstree":"W. 231th St.","ORIG_FID":22,"DataSource":"NYC Open Data - GreenThumb Garden Info"}},{"type":"Feature","id":24,"geometry":{"type":"Point","coordinates":[-73.9224066885178,40.8389708190481]},"properties":{"FID":24,"address":"1276 Shakespeare Avenue","borough":"X","gardenname":"Roberto Clemente Community Garden","juris":"BLT","status":"Active","crossstree":"Shakespeare Avenue & W 169th St","ORIG_FID":23,"DataSource":"NYC Open Data - GreenThumb Garden Info"}},{"type":"Feature","id":25,"geometry":{"type":"Point","coordinates":[-73.824054860943,40.8744949454854]},"properties":{"FID":25,"address":"801 Co-op City Blvd","borough":"X","gardenname":"Rivers Run Community Garden","juris":"PRI","status":"Active","crossstree":"Peartree and Bellamy Loop","ORIG_FID":24,"DataSource":"NYC Open Data - GreenThumb Garden Info"}},{"type":"Feature","id":26,"geometry":{"type":"Point","coordinates":[-73.8941639949724,40.8267472463884]},"properties":{"FID":26,"address":"1105 Fox Street","borough":"X","gardenname":"Paradise on Earth Community Garden","juris":"NYRP","status":"Active","crossstree":"East 167th Street","ORIG_FID":25,"DataSource":"NYC Open Data - GreenThumb Garden Info"}},{"type":"Feature","id":27,"geometry":{"type":"Point","coordinates":[-73.9087608020693,40.822045681563]},"properties":{"FID":27,"address":"869 Eagle Avenue","borough":"X","gardenname":"Palmas del Caribe (Eagle Avenue Community Garden)","juris":"BLT","status":"Active","crossstree":" ","ORIG_FID":26,"DataSource":"NYC Open Data - GreenThumb Garden Info"}},{"type":"Feature","id":28,"geometry":{"type":"Point","coordinates":[-73.8896542357543,40.8215151112334]},"properties":{"FID":28,"address":"927 Faile Street","borough":"X","gardenname":"Mildred T. Rhodebeck Garden (Garden of Eden)","juris":"NYRP","status":"Active","crossstree":"N/W corner of Bruckner Boulevard & Faile Street","ORIG_FID":27,"DataSource":"NYC Open Data - GreenThumb Garden Info"}},{"type":"Feature","id":29,"geometry":{"type":"Point","coordinates":[-73.8756766541542,40.8246679301809]},"properties":{"FID":29,"address":"1021 Manor Avenue","borough":"X","gardenname":"Manor Avenue Seniors Garden","juris":"BLT","status":"Active","crossstree":"Bruckner Blvd & Watson","ORIG_FID":28,"DataSource":"NYC Open Data - GreenThumb Garden Info"}},{"type":"Feature","id":30,"geometry":{"type":"Point","coordinates":[-73.9064359934263,40.8258545424532]},"properties":{"FID":30,"address":"586 E 165th Street","borough":"X","gardenname":"William Hooper Garden (Jacquline Denise Davis Garden)","juris":"BLT","status":"Active","crossstree":"165th Street & Cauldwell Avenue","ORIG_FID":29,"DataSource":"NYC Open Data - GreenThumb Garden Info"}},{"type":"Feature","id":31,"geometry":{"type":"Point","coordinates":[-73.9165848040454,40.83031170662]},"properties":{"FID":31,"address":"1062 Grant Avenue","borough":"X","gardenname":"Little Paradise Community Garden","juris":"BLT","status":"Active","crossstree":"E. 165th & E. 166th Streets","ORIG_FID":30,"DataSource":"NYC Open Data - GreenThumb Garden Info"}},{"type":"Feature","id":32,"geometry":{"type":"Point","coordinates":[-73.9035421882214,40.8613953944819]},"properties":{"FID":32,"address":"2387 Davidson Avenue","borough":"X","gardenname":"Davidson Avenue Community Garden","juris":"BLT","status":"Active","crossstree":"W. 184th Street & W. Fordham Rd.","ORIG_FID":31,"DataSource":"NYC Open Data - GreenThumb Garden Info"}},{"type":"Feature","id":33,"geometry":{"type":"Point","coordinates":[-73.9012567060321,40.8566329248696]},"properties":{"FID":33,"address":"2242 Creston Avenue","borough":"X","gardenname":"Creston Jungle Playground","juris":"NYRP","status":"Active","crossstree":"E 182nd & E 183rd","ORIG_FID":32,"DataSource":"NYC Open Data - GreenThumb Garden Info"}},{"type":"Feature","id":34,"geometry":{"type":"Point","coordinates":[-73.8558589534279,40.901302588144]},"properties":{"FID":34,"address":"4501 Carpenter Avenue","borough":"X","gardenname":"Carpenter Avenue Community Garden","juris":"DOT","status":"Active","crossstree":"At Carpenter Avenue","ORIG_FID":33,"DataSource":"NYC Open Data - GreenThumb Garden Info"}},{"type":"Feature","id":35,"geometry":{"type":"Point","coordinates":[-73.8489837110294,40.8999236126846]},"properties":{"FID":35,"address":"4525 Barnes Avenue","borough":"X","gardenname":"Bissel Gardens","juris":"DOT/MTA","status":"Active","crossstree":"from Barnes to Baychester Avenues","ORIG_FID":34,"DataSource":"NYC Open Data - GreenThumb Garden Info"}},{"type":"Feature","id":36,"geometry":{"type":"Point","coordinates":[-73.8846670534417,40.8470119092722]},"properties":{"FID":36,"address":"2124 Mapes Avenue","borough":"X","gardenname":"Mapes Avenue Garden","juris":"BLT","status":"Active","crossstree":"At E. 181st Street","ORIG_FID":35,"DataSource":"NYC Open Data - GreenThumb Garden Info"}},{"type":"Feature","id":37,"geometry":{"type":"Point","coordinates":[-73.8840072532321,40.870918117777]},"properties":{"FID":37,"address":"2980 Bainbridge Avenue","borough":"X","gardenname":"Bainbridge Garden","juris":"BLT","status":"Active","crossstree":"E. 201st Street & Bedford Park Boulevard","ORIG_FID":36,"DataSource":"NYC Open Data - GreenThumb Garden Info"}},{"type":"Feature","id":38,"geometry":{"type":"Point","coordinates":[-73.881021272014,40.8458959936053]},"properties":{"FID":38,"address":"2139 Daly Avenue","borough":"X","gardenname":"Perry's Garden (Concerned Tenants of Daly Avenue)","juris":"BLT","status":"Active","crossstree":"181st Street & Bronx Parkway South","ORIG_FID":37,"DataSource":"NYC Open Data - GreenThumb Garden Info"}},{"type":"Feature","id":39,"geometry":{"type":"Point","coordinates":[-73.9201327850999,40.8123371628299]},"properties":{"FID":39,"address":"378 Willis Avenue","borough":"X","gardenname":"Willis Avenue Community Garden (Bronx Community & Cultural Garden)","juris":"NYRP","status":"Active","crossstree":"E. 143rd St.","ORIG_FID":38,"DataSource":"NYC Open Data - GreenThumb Garden Info"}},{"type":"Feature","id":40,"geometry":{"type":"Point","coordinates":[-73.9172839244135,40.8208623203399]},"properties":{"FID":40,"address":"724 Courtlandt Avenue","borough":"X","gardenname":"NYRP Members Garden (Dalia Group)","juris":"NYRP","status":"Active","crossstree":"E 155th & E 156th","ORIG_FID":39,"DataSource":"NYC Open Data - GreenThumb Garden Info"}},{"type":"Feature","id":41,"geometry":{"type":"Point","coordinates":[-73.918471748972,40.8176142200203]},"properties":{"FID":41,"address":"360 E. 151st Street","borough":"X","gardenname":"Neighborhood Advisory Committee Community Garden","juris":"BLT","status":"Active","crossstree":"Courtlandt & Melrose Avenues","ORIG_FID":40,"DataSource":"NYC Open Data - GreenThumb Garden Info"}},{"type":"Feature","id":42,"geometry":{"type":"Point","coordinates":[-73.9089167598006,40.8349118701867]},"properties":{"FID":42,"address":"1330 Clay Avenue","borough":"X","gardenname":"Clay Avenue Community Garden","juris":"NYRP","status":"Active","crossstree":"E. 169th & E. 170th Streets","ORIG_FID":41,"DataSource":"NYC Open Data - GreenThumb Garden Info"}},{"type":"Feature","id":43,"geometry":{"type":"Point","coordinates":[-73.9144338109716,40.8280837477668]},"properties":{"FID":43,"address":"1017 Teller Avenue","borough":"X","gardenname":"Bette's Rose Garden","juris":"NYRP","status":"Active","crossstree":"E 164th & E 165th","ORIG_FID":42,"DataSource":"NYC Open Data - GreenThumb Garden Info"}},{"type":"Feature","id":44,"geometry":{"type":"Point","coordinates":[-73.8791168667499,40.839247167223]},"properties":{"FID":44,"address":"1059 East Tremont Avenue","borough":"X","gardenname":"Drew Garden","juris":"NYS DOT","status":"Not GreenThumb","crossstree":"west of E. 177th Street & BX River","ORIG_FID":43,"DataSource":"NYC Open Data - GreenThumb Garden Info"}},{"type":"Feature","id":45,"geometry":{"type":"Point","coordinates":[-73.8523987722855,40.8384426049423]},"properties":{"FID":45,"address":"1636 Castle Hill Avenue","borough":"X","gardenname":"Glover Street Community Garden","juris":"NYRP","status":"Active","crossstree":"Intersection of Castle Hill & Glover Street","ORIG_FID":44,"DataSource":"NYC Open Data - GreenThumb Garden Info"}},{"type":"Feature","id":46,"geometry":{"type":"Point","coordinates":[-73.8846677513156,40.8570133057195]},"properties":{"FID":46,"address":"2485 Belmont Avenue","borough":"X","gardenname":"Belmont Little Farmers","juris":"BLT","status":"Active","crossstree":"E. 189th Street & E. Fordam Rd.","ORIG_FID":45,"DataSource":"NYC Open Data - GreenThumb Garden Info"}},{"type":"Feature","id":47,"geometry":{"type":"Point","coordinates":[-73.8978409918682,40.8448713825084]},"properties":{"FID":47,"address":"1818 Bathgate Avenue","borough":"X","gardenname":"Bathgate Community Garden","juris":"NYRP","status":"Active","crossstree":"E 175th & E 176th, just North of Cross Bronx","ORIG_FID":46,"DataSource":"NYC Open Data - GreenThumb Garden Info"}},{"type":"Feature","id":48,"geometry":{"type":"Point","coordinates":[-73.9110574394492,40.8141658155]},"properties":{"FID":48,"address":"551 Cauldwell Avenue","borough":"X","gardenname":"The Classics Bronx Community Garden","juris":"BLT","status":"Active","crossstree":"E. 149th Street & Westchester Avenue","ORIG_FID":47,"DataSource":"NYC Open Data - GreenThumb Garden Info"}},{"type":"Feature","id":49,"geometry":{"type":"Point","coordinates":[-73.8926679682521,40.8641418097968]},"properties":{"FID":49,"address":"2599 Bainbridge Avenue","borough":"X","gardenname":"Fordham Bedford Lot-Busters","juris":"BLT","status":"Active","crossstree":"At W. 193rd Street","ORIG_FID":48,"DataSource":"NYC Open Data - GreenThumb Garden Info"}},{"type":"Feature","id":50,"geometry":{"type":"Point","coordinates":[-73.9150101684845,40.803880431137]},"properties":{"FID":50,"address":"179 Bruckner Blvd","borough":"X","gardenname":"Bruckner Mott Haven Garden","juris":"BLT","status":"Active","crossstree":"Bruckner & Cypruss","ORIG_FID":49,"DataSource":"NYC Open Data - GreenThumb Garden Info"}},{"type":"Feature","id":51,"geometry":{"type":"Point","coordinates":[-73.8851957693692,40.8492919577577]},"properties":{"FID":51,"address":"2175 Prospect Avenue","borough":"X","gardenname":"Garden Of Youth","juris":"PRI","status":"Active","crossstree":"E. 182nd Street & Astin Jacobo Way/Prospect Avenue","ORIG_FID":50,"DataSource":"NYC Open Data - GreenThumb Garden Info"}},{"type":"Feature","id":52,"geometry":{"type":"Point","coordinates":[-73.8879908730803,40.8459920483944]},"properties":{"FID":52,"address":"757 East 179th Street","borough":"X","gardenname":"Clinton Avenue Community Garden","juris":"NYRP","status":"Active","crossstree":"corner of Prospect Avenue & 179th Street","ORIG_FID":51,"DataSource":"NYC Open Data - GreenThumb Garden Info"}},{"type":"Feature","id":53,"geometry":{"type":"Point","coordinates":[-73.8485008227547,40.8817631493499]},"properties":{"FID":53,"address":"3634 Eastchester Road","borough":"X","gardenname":"Eastchester Road Community Garden","juris":"NYRP","status":"Active","crossstree":"btw e. 222nd and 223rd St.","ORIG_FID":52,"DataSource":"NYC Open Data - GreenThumb Garden Info"}},{"type":"Feature","id":54,"geometry":{"type":"Point","coordinates":[-73.9015575022769,40.8528868726311]},"properties":{"FID":54,"address":"2078 Anthony Avenue","borough":"X","gardenname":"Jardin de Ternura","juris":"BLT","status":"Active","crossstree":"E. 180th Street & Burnside Avenue","ORIG_FID":53,"DataSource":"NYC Open Data - GreenThumb Garden Info"}},{"type":"Feature","id":55,"geometry":{"type":"Point","coordinates":[-73.8925716895318,40.8219803682994]},"properties":{"FID":55,"address":"972 Simpson Street","borough":"X","gardenname":"Black Joy Farm","juris":"DPR","status":"Active","crossstree":"Westchester Ave. and 163rd St.","ORIG_FID":54,"DataSource":"NYC Open Data - GreenThumb Garden Info"}},{"type":"Feature","id":56,"geometry":{"type":"Point","coordinates":[-73.8441941961052,40.8175997499285]},"properties":{"FID":56,"address":"512 Havemeyer Avenue","borough":"X","gardenname":"Havemeyer Garden Association","juris":"DPR","status":"Active","crossstree":"Randall & Lacombe","ORIG_FID":55,"DataSource":"NYC Open Data - GreenThumb Garden Info"}},{"type":"Feature","id":57,"geometry":{"type":"Point","coordinates":[-73.9120580341509,40.8205295693842]},"properties":{"FID":57,"address":"749 Brook Avenue","borough":"X","gardenname":"Centro Cultural Rincon Criollo","juris":"DPR","status":"Active","crossstree":"corner of E. 157th St.","ORIG_FID":56,"DataSource":"NYC Open Data - GreenThumb Garden Info"}},{"type":"Feature","id":58,"geometry":{"type":"Point","coordinates":[-73.8911283280099,40.8293650433621]},"properties":{"FID":58,"address":"1221 Hoe Avenue","borough":"X","gardenname":"Morning Glory Community Garden","juris":"DPR","status":"Active","crossstree":"Freeman St. & Hoe St.","ORIG_FID":57,"DataSource":"NYC Open Data - GreenThumb Garden Info"}},{"type":"Feature","id":59,"geometry":{"type":"Point","coordinates":[-73.8911335521717,40.8290906431187]},"properties":{"FID":59,"address":"1211 Hoe Avenue","borough":"X","gardenname":"Synergi Urban Garden","juris":"DPR","status":"Active","crossstree":"Home Street & Freeman Street","ORIG_FID":58,"DataSource":"NYC Open Data - GreenThumb Garden Info"}},{"type":"Feature","id":60,"geometry":{"type":"Point","coordinates":[-73.9099195119759,40.8380325977263]},"properties":{"FID":60,"address":"1420 College Avenue","borough":"X","gardenname":"College Avenue Garden","juris":"DPR","status":"Active","crossstree":"E. 170th & E. 171st Streets","ORIG_FID":59,"DataSource":"NYC Open Data - GreenThumb Garden Info"}},{"type":"Feature","id":61,"geometry":{"type":"Point","coordinates":[-73.9155675907717,40.8215034812008]},"properties":{"FID":61,"address":"757 Melrose Avenue","borough":"X","gardenname":"Rainbow Garden of Life and Health","juris":"DPR","status":"Active","crossstree":"157th and 156th St.","ORIG_FID":60,"DataSource":"NYC Open Data - GreenThumb Garden Info"}},{"type":"Feature","id":62,"geometry":{"type":"Point","coordinates":[-73.9149473193633,40.8240432296114]},"properties":{"FID":62,"address":"377 East 160th Street","borough":"X","gardenname":"Melrose New Generation Community Garden","juris":"DPR","status":"Active","crossstree":"Melrose and Courtland Ave.","ORIG_FID":61,"DataSource":"NYC Open Data - GreenThumb Garden Info"}},{"type":"Feature","id":63,"geometry":{"type":"Point","coordinates":[-73.910495610484,40.8523181890333]},"properties":{"FID":63,"address":"1974 Grand Avenue","borough":"X","gardenname":"Leave It Better Community Garden","juris":"DPR","status":"Active","crossstree":"At West Tremont Ave","ORIG_FID":62,"DataSource":"NYC Open Data - GreenThumb Garden Info"}},{"type":"Feature","id":64,"geometry":{"type":"Point","coordinates":[-73.9140788287749,40.8218486895654]},"properties":{"FID":64,"address":"418 East 158th Street","borough":"X","gardenname":"Rays of Sunshine Community Garden (Family Group Garden)","juris":"DPR","status":"Active","crossstree":"Elton & Melrose Avenues","ORIG_FID":63,"DataSource":"NYC Open Data - GreenThumb Garden Info"}},{"type":"Feature","id":65,"geometry":{"type":"Point","coordinates":[-73.9167366257946,40.8230706245097]},"properties":{"FID":65,"address":"809 Courtlandt Avenue","borough":"X","gardenname":"Dolorinda Lisante Community Garden","juris":"DPR","status":"Active","crossstree":"E. 158th & E. 159th Streets.","ORIG_FID":64,"DataSource":"NYC Open Data - GreenThumb Garden Info"}},{"type":"Feature","id":66,"geometry":{"type":"Point","coordinates":[-73.9127723179881,40.8251120190045]},"properties":{"FID":66,"address":"924 Melrose Avenue","borough":"X","gardenname":"El Coqui Liberation Community Garden","juris":"DPR","status":"Active","crossstree":"At E. 163rd Street","ORIG_FID":65,"DataSource":"NYC Open Data - GreenThumb Garden Info"}},{"type":"Feature","id":67,"geometry":{"type":"Point","coordinates":[-73.9128887999781,40.8229661619588]},"properties":{"FID":67,"address":"438 East 160th Street","borough":"X","gardenname":"Jardin la Roca","juris":"DPR","status":"Active","crossstree":"between Elton Ave. and Melrose Ave.","ORIG_FID":66,"DataSource":"NYC Open Data - GreenThumb Garden Info"}},{"type":"Feature","id":68,"geometry":{"type":"Point","coordinates":[-73.9140625924147,40.8205595581771]},"properties":{"FID":68,"address":"431 E. 156th Street","borough":"X","gardenname":"Vogue Community Garden","juris":"DPR","status":"Active","crossstree":"Elton & Melrose","ORIG_FID":67,"DataSource":"NYC Open Data - GreenThumb Garden Info"}},{"type":"Feature","id":69,"geometry":{"type":"Point","coordinates":[-73.8825453324012,40.8470237425517]},"properties":{"FID":69,"address":"851 Hornaday Place","borough":"X","gardenname":"Hornaday Community Garden","juris":"DPR","status":"Active","crossstree":"Mohegan Avenue & Crotona Pkwy","ORIG_FID":68,"DataSource":"NYC Open Data - GreenThumb Garden Info"}},{"type":"Feature","id":70,"geometry":{"type":"Point","coordinates":[-73.9112068177404,40.817225401731]},"properties":{"FID":70,"address":"668 St. Ann's Avenue","borough":"X","gardenname":"Magnolia Tree Community Garden","juris":"DPR","status":"Active","crossstree":"Westchester Avenue & 156th Street","ORIG_FID":69,"DataSource":"NYC Open Data - GreenThumb Garden Info"}},{"type":"Feature","id":71,"geometry":{"type":"Point","coordinates":[-73.9008488634842,40.8642099918977]},"properties":{"FID":71,"address":"2502 Davidson Avenue","borough":"X","gardenname":"New Beginnings Community Garden","juris":"DPR","status":"Active","crossstree":"At 190th Street","ORIG_FID":70,"DataSource":"NYC Open Data - GreenThumb Garden Info"}},{"type":"Feature","id":72,"geometry":{"type":"Point","coordinates":[-73.8940646270808,40.8309692549273]},"properties":{"FID":72,"address":"1312 Bristow Street","borough":"X","gardenname":"Model T Community Garden","juris":"DPR","status":"Active","crossstree":"Jennings & Freeman","ORIG_FID":71,"DataSource":"NYC Open Data - GreenThumb Garden Info"}},{"type":"Feature","id":73,"geometry":{"type":"Point","coordinates":[-73.9124277715244,40.8227478110627]},"properties":{"FID":73,"address":"836 Elton Avenue","borough":"X","gardenname":"La Isla USA","juris":"DPR","status":"Active","crossstree":"E. 159th & E. 160th Streets.","ORIG_FID":72,"DataSource":"NYC Open Data - GreenThumb Garden Info"}},{"type":"Feature","id":74,"geometry":{"type":"Point","coordinates":[-73.8950479700877,40.8309937470638]},"properties":{"FID":74,"address":"1311 Bristow Street","borough":"X","gardenname":"Cordelia’s Garden","juris":"DPR","status":"Active","crossstree":"Jennings & Freeman Streets.","ORIG_FID":73,"DataSource":"NYC Open Data - GreenThumb Garden Info"}},{"type":"Feature","id":75,"geometry":{"type":"Point","coordinates":[-73.8846619030244,40.836684558046]},"properties":{"FID":75,"address":"1768 Bryant Avenue","borough":"X","gardenname":"Bronx Sunshine Garden","juris":"DPR","status":"Active","crossstree":"E. 174th & E. 175th (in shopping ctr parking lot)","ORIG_FID":74,"DataSource":"NYC Open Data - GreenThumb Garden Info"}},{"type":"Feature","id":76,"geometry":{"type":"Point","coordinates":[-73.9161224140182,40.8224795154173]},"properties":{"FID":76,"address":"364 East 158th Street","borough":"X","gardenname":"Courtlandt Avenue Community Garden","juris":"DPR","status":"Active","crossstree":"Courtland & Melrose Avenues","ORIG_FID":75,"DataSource":"NYC Open Data - GreenThumb Garden Info"}},{"type":"Feature","id":77,"geometry":{"type":"Point","coordinates":[-73.9141211068036,40.8215644390477]},"properties":{"FID":77,"address":"427 East 157th Street","borough":"X","gardenname":"Latinos Unidos","juris":"DPR","status":"Inactive (Group Forming)","crossstree":"Elton & Melrose Avenues","ORIG_FID":76,"DataSource":"NYC Open Data - GreenThumb Garden Info"}},{"type":"Feature","id":78,"geometry":{"type":"Point","coordinates":[-73.8852737657716,40.8783804537949]},"properties":{"FID":78,"address":"10 Risse Street Garden","borough":"X","gardenname":"Risse Street Community Garden","juris":"DPR","status":"Active","crossstree":"Risse/Mosholu/Jerome Avenue","ORIG_FID":77,"DataSource":"NYC Open Data - GreenThumb Garden Info"}},{"type":"Feature","id":79,"geometry":{"type":"Point","coordinates":[-73.9293979803325,40.8312637712061]},"properties":{"FID":79,"address":"949 Woodycrest Avenue","borough":"X","gardenname":"Woodycrest Community Garden","juris":"DPR","status":"Active","crossstree":"At 162 Street","ORIG_FID":78,"DataSource":"NYC Open Data - GreenThumb Garden Info"}},{"type":"Feature","id":80,"geometry":{"type":"Point","coordinates":[-73.8990294630393,40.8233966962006]},"properties":{"FID":80,"address":"1009 Rev James A Polite Ave","borough":"X","gardenname":"Schomburg Arts Garden","juris":"DPR","status":"Active","crossstree":"Corner of Rev. James A. Polite & 164th St","ORIG_FID":79,"DataSource":"NYC Open Data - GreenThumb Garden Info"}},{"type":"Feature","id":81,"geometry":{"type":"Point","coordinates":[-73.9110229432542,40.8469092318756]},"properties":{"FID":81,"address":"1735 Walton Avenue","borough":"X","gardenname":"Townsend Garden","juris":"DPR","status":"Active","crossstree":"At E 175th Street","ORIG_FID":80,"DataSource":"NYC Open Data - GreenThumb Garden Info"}},{"type":"Feature","id":82,"geometry":{"type":"Point","coordinates":[-73.8982969598368,40.8319711581425]},"properties":{"FID":82,"address":"745 Jennings Street","borough":"X","gardenname":"Concrete Dreams Community Garden","juris":"DPR","status":"Active","crossstree":"Boston Rd & Prospect","ORIG_FID":81,"DataSource":"NYC Open Data - GreenThumb Garden Info"}},{"type":"Feature","id":83,"geometry":{"type":"Point","coordinates":[-73.88773194927,40.8424705496762]},"properties":{"FID":83,"address":"851 Fairmont Place","borough":"X","gardenname":"Miracle Garden - Bronx","juris":"DPR","status":"Active","crossstree":"At Marmion Ave.","ORIG_FID":82,"DataSource":"NYC Open Data - GreenThumb Garden Info"}},{"type":"Feature","id":84,"geometry":{"type":"Point","coordinates":[-73.9254042862788,40.8355738764333]},"properties":{"FID":84,"address":"1130 Woodycrest Avenue","borough":"X","gardenname":"Las Casitas Community Garden","juris":"DPR","status":"Active","crossstree":"166th Street / 167th Street","ORIG_FID":83,"DataSource":"NYC Open Data - GreenThumb Garden Info"}},{"type":"Feature","id":85,"geometry":{"type":"Point","coordinates":[-73.9292689869741,40.8319143533648]},"properties":{"FID":85,"address":"96 West 163rd Street","borough":"X","gardenname":"La Isla Youth Community Garden","juris":"DPR","status":"Active","crossstree":"Woodycrest & Nelson","ORIG_FID":84,"DataSource":"NYC Open Data - GreenThumb Garden Info"}},{"type":"Feature","id":86,"geometry":{"type":"Point","coordinates":[-73.883493754733,40.8441367676977]},"properties":{"FID":86,"address":"2035 Honeywell  Avenue","borough":"X","gardenname":"Hispanos Unidos","juris":"DPR","status":"Active","crossstree":"corner of E 179th Street","ORIG_FID":85,"DataSource":"NYC Open Data - GreenThumb Garden Info"}},{"type":"Feature","id":87,"geometry":{"type":"Point","coordinates":[-73.8612052089532,40.816996409157]},"properties":{"FID":87,"address":"1834 Randall Avenue","borough":"X","gardenname":"Randall Community Garden","juris":"DPR","status":"Active","crossstree":"Soundview & Thieriot Avenues","ORIG_FID":86,"DataSource":"NYC Open Data - GreenThumb Garden Info"}},{"type":"Feature","id":88,"geometry":{"type":"Point","coordinates":[-73.9096111893049,40.8479892924719]},"properties":{"FID":88,"address":"110 East 176th Street","borough":"X","gardenname":"Green Patch on Walton","juris":"DPR","status":"Active","crossstree":"At Walton Avenue","ORIG_FID":87,"DataSource":"NYC Open Data - GreenThumb Garden Info"}},{"type":"Feature","id":89,"geometry":{"type":"Point","coordinates":[-73.8963505076698,40.8478265700402]},"properties":{"FID":89,"address":"504 East 178th Street","borough":"X","gardenname":"El Batey de Dona Provi","juris":"DPR","status":"Active","crossstree":"At Bathgate Avenue","ORIG_FID":88,"DataSource":"NYC Open Data - GreenThumb Garden Info"}},{"type":"Feature","id":90,"geometry":{"type":"Point","coordinates":[-73.9047905200664,40.8581188944714]},"properties":{"FID":90,"address":"15 Buchanan Place","borough":"X","gardenname":"Jardin de las Rosas","juris":"DPR","status":"Active","crossstree":"Davidson & Jerome Avenues","ORIG_FID":89,"DataSource":"NYC Open Data - GreenThumb Garden Info"}},{"type":"Feature","id":91,"geometry":{"type":"Point","coordinates":[-73.9102011994258,40.8341342830707]},"properties":{"FID":91,"address":"1280 Teller Avenue","borough":"X","gardenname":"Claremont Neighborhood Garden","juris":"DPR","status":"Active","crossstree":"At 169th Street","ORIG_FID":90,"DataSource":"NYC Open Data - GreenThumb Garden Info"}},{"type":"Feature","id":92,"geometry":{"type":"Point","coordinates":[-73.9035665409631,40.837972035581]},"properties":{"FID":92,"address":"1507 Washington Avenue","borough":"X","gardenname":"Jardin de la Familia","juris":"DPR","status":"Active","crossstree":"corner of East 171st Street","ORIG_FID":91,"DataSource":"NYC Open Data - GreenThumb Garden Info"}},{"type":"Feature","id":93,"geometry":{"type":"Point","coordinates":[-73.9024815170084,40.8281557879593]},"properties":{"FID":93,"address":"722 Home Street","borough":"X","gardenname":"Marie Brooks Community Garden","juris":"DPR","status":"Active","crossstree":"Corner of Jackson & Home Street","ORIG_FID":92,"DataSource":"NYC Open Data - GreenThumb Garden Info"}},{"type":"Feature","id":94,"geometry":{"type":"Point","coordinates":[-73.9052797602527,40.8262845532895]},"properties":{"FID":94,"address":"1058 Cauldwell Ave","borough":"X","gardenname":"Franklin Memorial Garden","juris":"DPR","status":"Active","crossstree":"165th & 166th Streets & Boston Rd","ORIG_FID":93,"DataSource":"NYC Open Data - GreenThumb Garden Info"}},{"type":"Feature","id":95,"geometry":{"type":"Point","coordinates":[-73.9150007786629,40.8233110735472]},"properties":{"FID":95,"address":"379 East 159th Street","borough":"X","gardenname":"159th Street Community Garden","juris":"DPR","status":"Active","crossstree":"Courtland & Melrose Avenues","ORIG_FID":94,"DataSource":"NYC Open Data - GreenThumb Garden Info"}},{"type":"Feature","id":96,"geometry":{"type":"Point","coordinates":[-73.9045655645491,40.829633080902]},"properties":{"FID":96,"address":"1185 Franklin Avenue","borough":"X","gardenname":"Genesis Community Garden","juris":"DPR","status":"Active","crossstree":"E. 167th & E. 168th Streets.","ORIG_FID":95,"DataSource":"NYC Open Data - GreenThumb Garden Info"}},{"type":"Feature","id":97,"geometry":{"type":"Point","coordinates":[-73.8872421029407,40.8199344331276]},"properties":{"FID":97,"address":"901 Bryant Avenue","borough":"X","gardenname":"Bryant Hill Community Garden","juris":"DPR","status":"Active","crossstree":"Seneca & Garrison Avenues","ORIG_FID":96,"DataSource":"NYC Open Data - GreenThumb Garden Info"}},{"type":"Feature","id":98,"geometry":{"type":"Point","coordinates":[-73.9068264538777,40.8149245735103]},"properties":{"FID":98,"address":"625 Wales Avenue","borough":"X","gardenname":"Isla Verde Garden","juris":"DPR","status":"Active","crossstree":"E. 151st","ORIG_FID":97,"DataSource":"NYC Open Data - GreenThumb Garden Info"}},{"type":"Feature","id":99,"geometry":{"type":"Point","coordinates":[-73.9093211084823,40.8207042950672]},"properties":{"FID":99,"address":"815 Eagle Avenue","borough":"X","gardenname":"El Batey Borincano","juris":"DPR","status":"Active","crossstree":"E. 158 & E. 159 Streets.","ORIG_FID":98,"DataSource":"NYC Open Data - GreenThumb Garden Info"}},{"type":"Feature","id":100,"geometry":{"type":"Point","coordinates":[-73.9305027174264,40.8331698258269]},"properties":{"FID":100,"address":"995 Summit Avenue","borough":"X","gardenname":"Sweetgum Community Garden","juris":"DPR","status":"Active","crossstree":"On  Summit  - West 162St. & West 164St.","ORIG_FID":99,"DataSource":"NYC Open Data - GreenThumb Garden Info"}},{"type":"Feature","id":101,"geometry":{"type":"Point","coordinates":[-73.9036512337174,40.8388639472134]},"properties":{"FID":101,"address":"438-44 Clarmont Pkwy","borough":"X","gardenname":"Little Claremont Community Garden","juris":"DPR","status":"Not GreenThumb","crossstree":"Park & Claremont Avenue","ORIG_FID":100,"DataSource":"NYC Open Data - GreenThumb Garden Info"}},{"type":"Feature","id":102,"geometry":{"type":"Point","coordinates":[-73.9079477582824,40.843507199098]},"properties":{"FID":102,"address":"1665 Weeks Avenue","borough":"X","gardenname":"Garden of Life","juris":"DPR","status":"Active","crossstree":"At E. 173rd Street","ORIG_FID":101,"DataSource":"NYC Open Data - GreenThumb Garden Info"}},{"type":"Feature","id":103,"geometry":{"type":"Point","coordinates":[-73.9074010801957,40.8434621988215]},"properties":{"FID":103,"address":"1664 Weeks Avenue","borough":"X","gardenname":"Garden of Eden","juris":"DPR","status":"Active","crossstree":"At E. 173rd Street","ORIG_FID":102,"DataSource":"NYC Open Data - GreenThumb Garden Info"}},{"type":"Feature","id":104,"geometry":{"type":"Point","coordinates":[-73.9290342765106,40.8325805288684]},"properties":{"FID":104,"address":"90 W 164th Street","borough":"X","gardenname":"Taqwa Community Farm","juris":"DPR","status":"Active","crossstree":"at Ogden","ORIG_FID":103,"DataSource":"NYC Open Data - GreenThumb Garden Info"}},{"type":"Feature","id":105,"geometry":{"type":"Point","coordinates":[-73.8849992387238,40.8485340190298]},"properties":{"FID":105,"address":"2160 Prospect Avenue","borough":"X","gardenname":"Garden of Happiness","juris":"DPR","status":"Active","crossstree":"E 181st & E 182nd Streets","ORIG_FID":104,"DataSource":"NYC Open Data - GreenThumb Garden Info"}},{"type":"Feature","id":106,"geometry":{"type":"Point","coordinates":[-73.9042484797835,40.8543700552339]},"properties":{"FID":106,"address":"2096 Morris Avenue","borough":"X","gardenname":"Bean Morris Garden","juris":"DPR","status":"Active","crossstree":"E. 181st Street and Burnside Avenue","ORIG_FID":105,"DataSource":"NYC Open Data - GreenThumb Garden Info"}},{"type":"Feature","id":107,"geometry":{"type":"Point","coordinates":[-73.9174771833253,40.8079385975882]},"properties":{"FID":107,"address":"545 East 139th Street","borough":"X","gardenname":"Padre Plaza","juris":"DPR","status":"Active","crossstree":"Corner of Saint Anne`s Avenue & East 139th Street","ORIG_FID":106,"DataSource":"NYC Open Data - GreenThumb Garden Info"}},{"type":"Feature","id":108,"geometry":{"type":"Point","coordinates":[-73.9153911824571,40.8056272715814]},"properties":{"FID":108,"address":"624 East 138th Street","borough":"X","gardenname":"138th Street Community Garden","juris":"DPR","status":"Active","crossstree":"St. Ann & Cypress Avenues","ORIG_FID":107,"DataSource":"NYC Open Data - GreenThumb Garden Info"}},{"type":"Feature","id":109,"geometry":{"type":"Point","coordinates":[-73.9155285790806,40.8053696329023]},"properties":{"FID":109,"address":"627 East 137th Street","borough":"X","gardenname":"United We Stand Garden (Sunflower / Girasol)","juris":"DPR","status":"Active","crossstree":"Cypress & Street Anne Streets","ORIG_FID":108,"DataSource":"NYC Open Data - GreenThumb Garden Info"}},{"type":"Feature","id":110,"geometry":{"type":"Point","coordinates":[-73.9115333525821,40.8157071185887]},"properties":{"FID":110,"address":"586 Westchester Avenue","borough":"X","gardenname":"Eagle Slope","juris":"DPR","status":"Active","crossstree":"Eagle Ave & St. Anns Ave.","ORIG_FID":109,"DataSource":"NYC Open Data - GreenThumb Garden Info"}},{"type":"Feature","id":111,"geometry":{"type":"Point","coordinates":[-73.9254262738035,40.8405400307978]},"properties":{"FID":111,"address":"1315 Odgen Avenue","borough":"X","gardenname":"Mosaic Success Garden","juris":"DPR","status":"Active","crossstree":"W. 169th & W. 170th Streets.","ORIG_FID":110,"DataSource":"NYC Open Data - GreenThumb Garden Info"}},{"type":"Feature","id":112,"geometry":{"type":"Point","coordinates":[-73.8853219145747,40.8348498799181]},"properties":{"FID":112,"address":"1665 Longfellow Avenue","borough":"X","gardenname":"Community Rock Garden","juris":"DPR","status":"Not GreenThumb","crossstree":"E. 173rd & E. 174th Streets.","ORIG_FID":111,"DataSource":"NYC Open Data - GreenThumb Garden Info"}},{"type":"Feature","id":113,"geometry":{"type":"Point","coordinates":[-73.9218467526255,40.8067236476783]},"properties":{"FID":113,"address":"462 East 136th Street","borough":"X","gardenname":"Wanaqua Garden","juris":"DPR","status":"Active","crossstree":"Brown Place & Willis","ORIG_FID":112,"DataSource":"NYC Open Data - GreenThumb Garden Info"}},{"type":"Feature","id":114,"geometry":{"type":"Point","coordinates":[-73.9131842695384,40.8361202235695]},"properties":{"FID":114,"address":"1304 Grant Ave.","borough":"X","gardenname":"Dred Scott Bird Sanctuary Garden","juris":"DPR","status":"Not GreenThumb","crossstree":"Grant & Morris Avenue","ORIG_FID":113,"DataSource":"NYC Open Data - GreenThumb Garden Info"}},{"type":"Feature","id":115,"geometry":{"type":"Point","coordinates":[-73.8911069295411,40.8296044779643]},"properties":{"FID":115,"address":"1225 Hoe Avenue","borough":"X","gardenname":"Freeman Garden","juris":"DPR","status":"Active","crossstree":" ","ORIG_FID":114,"DataSource":"NYC Open Data - GreenThumb Garden Info"}},{"type":"Feature","id":116,"geometry":{"type":"Point","coordinates":[-73.8809059537467,40.8436895870049]},"properties":{"FID":116,"address":"2093 Vyse Avenue","borough":"X","gardenname":"Krystal Community Garden","juris":"DPR","status":"Active","crossstree":"180th St and E. 179th St.  inside Vidalia Park","ORIG_FID":115,"DataSource":"NYC Open Data - GreenThumb Garden Info"}},{"type":"Feature","id":117,"geometry":{"type":"Point","coordinates":[-73.9234431571759,40.6698445803631]},"properties":{"FID":117,"address":"1642 St. John's Place","borough":"B","gardenname":"St. John's Place Renaissance Garden","juris":"BQLT","status":"Active","crossstree":"Ralph & Buffalo Avenue","ORIG_FID":400,"DataSource":"NYC Open Data - GreenThumb Garden Info"}},{"type":"Feature","id":118,"geometry":{"type":"Point","coordinates":[-73.8939687458609,40.8535542550249]},"properties":{"FID":118,"address":"2179 Washington Avenue","borough":"X","gardenname":"Farm in the Bronx","juris":"DPR","status":"Active","crossstree":"At Washington Avenue in Bathgate Playground","ORIG_FID":116,"DataSource":"NYC Open Data - GreenThumb Garden Info"}},{"type":"Feature","id":119,"geometry":{"type":"Point","coordinates":[-73.8939842240926,40.8526202092553]},"properties":{"FID":119,"address":"2173 Bathgate Avenue","borough":"X","gardenname":"Cook Community Farm","juris":"DPR","status":"Active","crossstree":"E. 182nd & E. 181st Streets.","ORIG_FID":117,"DataSource":"NYC Open Data - GreenThumb Garden Info"}},{"type":"Feature","id":120,"geometry":{"type":"Point","coordinates":[-73.9187369212719,40.8095451428941]},"properties":{"FID":120,"address":"494 East 141st Street","borough":"X","gardenname":"Friends of Brook Park Community Garden","juris":"DPR","status":"Active","crossstree":"Brook Avenue","ORIG_FID":118,"DataSource":"NYC Open Data - GreenThumb Garden Info"}},{"type":"Feature","id":121,"geometry":{"type":"Point","coordinates":[-73.8765400302981,40.8419379936436]},"properties":{"FID":121,"address":"1086 East 180th Street","borough":"X","gardenname":"Bronx River Community Garden","juris":"DPR","status":"Active","crossstree":"Boston Rd & Devoe Avenue","ORIG_FID":119,"DataSource":"NYC Open Data - GreenThumb Garden Info"}},{"type":"Feature","id":122,"geometry":{"type":"Point","coordinates":[-73.8902030317445,40.8227286060404]},"properties":{"FID":122,"address":"958 Hoe Avenue","borough":"X","gardenname":"New Hoe Avenue Garden","juris":"DPR","status":"Active","crossstree":"Aldus St. and E. 163rd St.","ORIG_FID":120,"DataSource":"NYC Open Data - GreenThumb Garden Info"}},{"type":"Feature","id":123,"geometry":{"type":"Point","coordinates":[-73.909004979696,40.8200851819856]},"properties":{"FID":123,"address":"797 Eagle Avenue. (East 158th Street)","borough":"X","gardenname":"Grove Hill Community Garden","juris":"DPR","status":"Active","crossstree":"Eagle Avenue & Cauldwell","ORIG_FID":121,"DataSource":"NYC Open Data - GreenThumb Garden Info"}},{"type":"Feature","id":124,"geometry":{"type":"Point","coordinates":[-73.9056410457976,40.8136307206813]},"properties":{"FID":124,"address":"586 Tinton Avenue","borough":"X","gardenname":"El Flamboyan","juris":"DPR","status":"Active","crossstree":"At E. 150th Street","ORIG_FID":122,"DataSource":"NYC Open Data - GreenThumb Garden Info"}},{"type":"Feature","id":125,"geometry":{"type":"Point","coordinates":[-73.9022400391465,40.8152400556841]},"properties":{"FID":125,"address":"941 Avenue St. John","borough":"X","gardenname":"Demera Santiago Garden","juris":"DPR","status":"Active","crossstree":"Kelly St. and Beck St. inside park Playground 52","ORIG_FID":123,"DataSource":"NYC Open Data - GreenThumb Garden Info"}},{"type":"Feature","id":126,"geometry":{"type":"Point","coordinates":[-73.898635668801,40.8195000102173]},"properties":{"FID":126,"address":"864 Reverend James A. Polite Avenue","borough":"X","gardenname":"Wishing Well Garden","juris":"DPR","status":"Active","crossstree":"Reverend Polite/ Dawson Street","ORIG_FID":124,"DataSource":"NYC Open Data - GreenThumb Garden Info"}},{"type":"Feature","id":127,"geometry":{"type":"Point","coordinates":[-73.930438823293,40.8126862211922]},"properties":{"FID":127,"address":"175 East 138th Street","borough":"X","gardenname":"La Finca Del Sur","juris":"DPR/MTA","status":"Active","crossstree":"corner of Grand Concourse and 138th St.","ORIG_FID":125,"DataSource":"NYC Open Data - GreenThumb Garden Info"}},{"type":"Feature","id":128,"geometry":{"type":"Point","coordinates":[-73.8581051901024,40.8077188500449]},"properties":{"FID":128,"address":"905 Harding Park","borough":"X","gardenname":"Harding Park Community Garden","juris":"DPR","status":"Active","crossstree":"Corner of Leland Avenue and North Street","ORIG_FID":126,"DataSource":"NYC Open Data - GreenThumb Garden Info"}},{"type":"Feature","id":129,"geometry":{"type":"Point","coordinates":[-73.8504118461298,40.8098426808951]},"properties":{"FID":129,"address":"2008 Gildersleeve Avenue","borough":"X","gardenname":"The Gus Dinolis Waterfront Garden - The Hidden Gem","juris":"DPR","status":"Active","crossstree":"Husson Avenue & Betts Avenue","ORIG_FID":127,"DataSource":"NYC Open Data - GreenThumb Garden Info"}},{"type":"Feature","id":130,"geometry":{"type":"Point","coordinates":[-73.9002121974349,40.8354310811795]},"properties":{"FID":130,"address":"580 Crotona Park South","borough":"X","gardenname":"Damiana Pizarro Community Garden","juris":"DPR","status":"Active","crossstree":"Fulton Ave and Franklin Ave","ORIG_FID":128,"DataSource":"NYC Open Data - GreenThumb Garden Info"}},{"type":"Feature","id":131,"geometry":{"type":"Point","coordinates":[-73.9148016372857,40.8508376792156]},"properties":{"FID":131,"address":"1810 University Avenue","borough":"X","gardenname":"Eternal Life Community Garden","juris":"DPR","status":"Active","crossstree":"Dr. MLK JR Blvd and Morton PL","ORIG_FID":129,"DataSource":"NYC Open Data - GreenThumb Garden Info"}},{"type":"Feature","id":132,"geometry":{"type":"Point","coordinates":[-74.079720699051,40.5963688207645]},"properties":{"FID":132,"address":"100 Kramer Street","borough":"R","gardenname":"South Beach Community Garden - South Beach Houses (NYCHA)","juris":"NYCHA","status":"Active","crossstree":"Kramer & Lamport","ORIG_FID":130,"DataSource":"NYC Open Data - GreenThumb Garden Info"}},{"type":"Feature","id":133,"geometry":{"type":"Point","coordinates":[-74.1160003684222,40.6304266232901]},"properties":{"FID":133,"address":"97 Myrtle Avenue","borough":"R","gardenname":"Olivet Heavenly Harvest","juris":"PRI","status":"Active","crossstree":" ","ORIG_FID":131,"DataSource":"NYC Open Data - GreenThumb Garden Info"}},{"type":"Feature","id":134,"geometry":{"type":"Point","coordinates":[-74.0762582399258,40.6257393073232]},"properties":{"FID":134,"address":"BROAD STREET","borough":"R","gardenname":"Broad Street Community Garden","juris":"PRI","status":"Not GreenThumb","crossstree":"Brownell","ORIG_FID":132,"DataSource":"NYC Open Data - GreenThumb Garden Info"}},{"type":"Feature","id":135,"geometry":{"type":"Point","coordinates":[-74.079633583523,40.6364639628417]},"properties":{"FID":135,"address":"TOMPKINS CIRCLE","borough":"R","gardenname":"Bountiful Harvest Farm","juris":"PRI","status":"Not GreenThumb","crossstree":"Fiedler Ave &  Tompkins Ave.","ORIG_FID":133,"DataSource":"NYC Open Data - GreenThumb Garden Info"}},{"type":"Feature","id":136,"geometry":{"type":"Point","coordinates":[-74.0796110042444,40.6212566752554]},"properties":{"FID":136,"address":"50 Hill Street","borough":"R","gardenname":"Hill Street Community Garden","juris":"NYPD (DPR)","status":"Active","crossstree":"Warren St & Tompkins Ave","ORIG_FID":134,"DataSource":"NYC Open Data - GreenThumb Garden Info"}},{"type":"Feature","id":137,"geometry":{"type":"Point","coordinates":[-74.0844948850309,40.6443070951963]},"properties":{"FID":137,"address":"143 Westervelt Avenue","borough":"R","gardenname":"Westervelt Community Garden","juris":"NYRP","status":"Active","crossstree":"btw Curtis Place and Cleveland St.","ORIG_FID":135,"DataSource":"NYC Open Data - GreenThumb Garden Info"}},{"type":"Feature","id":138,"geometry":{"type":"Point","coordinates":[-74.0850676209739,40.6176599608386]},"properties":{"FID":138,"address":"390 Targee Street","borough":"R","gardenname":"Roots of Peace Community Garden","juris":"PRI / DOT","status":"Active","crossstree":"at Irving Place","ORIG_FID":136,"DataSource":"NYC Open Data - GreenThumb Garden Info"}},{"type":"Feature","id":139,"geometry":{"type":"Point","coordinates":[-74.1190386218349,40.6134762130568]},"properties":{"FID":139,"address":"1657 Victory Boulevard","borough":"R","gardenname":"Moravian Community Garden","juris":"PRI","status":"Not GreenThumb","crossstree":"Todt Hill Rd","ORIG_FID":137,"DataSource":"NYC Open Data - GreenThumb Garden Info"}},{"type":"Feature","id":140,"geometry":{"type":"Point","coordinates":[-74.1215423047335,40.6345153469058]},"properties":{"FID":140,"address":"1170 Castleton Avenue","borough":"R","gardenname":"Joe Holzka Community Garden","juris":"DPR","status":"Active","crossstree":"Barker Street & Castleton Avenue","ORIG_FID":138,"DataSource":"NYC Open Data - GreenThumb Garden Info"}},{"type":"Feature","id":141,"geometry":{"type":"Point","coordinates":[-74.1636000723854,40.5268262839059]},"properties":{"FID":141,"address":"BAYVIEW TERRACE","borough":"R","gardenname":"Bayview Habitat","juris":"DPR","status":"Not GreenThumb","crossstree":"At Holdridge Avenue","ORIG_FID":139,"DataSource":"NYC Open Data - GreenThumb Garden Info"}},{"type":"Feature","id":142,"geometry":{"type":"Point","coordinates":[-74.0899453737799,40.6397556488042]},"properties":{"FID":142,"address":"40-66 Prospect Avenue","borough":"R","gardenname":"Skyline Community Garden","juris":"DPR","status":"Active","crossstree":"Clyde Place & Harvard Ave.","ORIG_FID":140,"DataSource":"NYC Open Data - GreenThumb Garden Info"}},{"type":"Feature","id":143,"geometry":{"type":"Point","coordinates":[-74.119616233902,40.6370161276922]},"properties":{"FID":143,"address":"18 Chappell Street","borough":"R","gardenname":"West Brighton Community Garden","juris":"DPR","status":"Active","crossstree":"Chappell St. & Henderson St.","ORIG_FID":141,"DataSource":"NYC Open Data - GreenThumb Garden Info"}},{"type":"Feature","id":144,"geometry":{"type":"Point","coordinates":[-73.8436198413825,40.7209424663218]},"properties":{"FID":144,"address":"108-16 159th Queens","borough":"Q","gardenname":"Charlotte's Way - South Jamaica II Houses (NYCHA)","juris":"NYCHA","status":"Active","crossstree":" ","ORIG_FID":142,"DataSource":"NYC Open Data - GreenThumb Garden Info"}},{"type":"Feature","id":145,"geometry":{"type":"Point","coordinates":[-73.7959196390801,40.698586919251]},"properties":{"FID":145,"address":"159-2 Tuskegee Airmen way","borough":"Q","gardenname":"South Center Community Garden - South Jamaica 1 Houses (NYCHA)","juris":"NYCHA","status":"Inactive (Group Forming)","crossstree":" ","ORIG_FID":143,"DataSource":"NYC Open Data - GreenThumb Garden Info"}},{"type":"Feature","id":146,"geometry":{"type":"Point","coordinates":[-73.9076477984071,40.7559908711818]},"properties":{"FID":146,"address":"31-57 51st St, Woodside, New York 11377","borough":"Q","gardenname":"Moore Jackson Cemetery/Garden","juris":"PRI","status":"Not GreenThumb","crossstree":" ","ORIG_FID":144,"DataSource":"NYC Open Data - GreenThumb Garden Info"}},{"type":"Feature","id":147,"geometry":{"type":"Point","coordinates":[-73.9092470942779,40.7129382285165]},"properties":{"FID":147,"address":"61-1 Tonsor Street","borough":"Q","gardenname":"Ridgewood Community Garden","juris":"DOE","status":"Not GreenThumb","crossstree":" ","ORIG_FID":145,"DataSource":"NYC Open Data - GreenThumb Garden Info"}},{"type":"Feature","id":148,"geometry":{"type":"Point","coordinates":[-73.8526993832699,40.740905160245]},"properties":{"FID":148,"address":"55-25 Van Cleef Street","borough":"Q","gardenname":"Mujeres en Movimento Huerto Comunitario","juris":"DOT","status":"Active","crossstree":"120th Avenue","ORIG_FID":146,"DataSource":"NYC Open Data - GreenThumb Garden Info"}},{"type":"Feature","id":149,"geometry":{"type":"Point","coordinates":[-73.9170988700168,40.7095352991148]},"properties":{"FID":149,"address":"1808 Willoughby Avenue","borough":"Q","gardenname":"Sunset Community Garden","juris":"DOE (DPR)","status":"Active","crossstree":"Onderdonk Avenue and Seneca Avenue","ORIG_FID":147,"DataSource":"NYC Open Data - GreenThumb Garden Info"}},{"type":"Feature","id":150,"geometry":{"type":"Point","coordinates":[-73.790898788848,40.7085045006822]},"properties":{"FID":150,"address":"90-20 170th Street, Queens 11432","borough":"Q","gardenname":"Serinor Community Garden - International Towers (NYCHA)","juris":"NYCHA","status":"Active","crossstree":"170th street & 90th Ave","ORIG_FID":148,"DataSource":"NYC Open Data - GreenThumb Garden Info"}},{"type":"Feature","id":151,"geometry":{"type":"Point","coordinates":[-73.8959399590618,40.743264596384]},"properties":{"FID":151,"address":"41-38 69th St, Flushing, NY 11377","borough":"Q","gardenname":"Queens New Roots (West)","juris":"DOT","status":"Active","crossstree":" ","ORIG_FID":149,"DataSource":"NYC Open Data - GreenThumb Garden Info"}},{"type":"Feature","id":152,"geometry":{"type":"Point","coordinates":[-73.8955687063307,40.7434356708196]},"properties":{"FID":152,"address":"41-38 69th St, Flushing, NY 11377","borough":"Q","gardenname":"Queens New Roots (East)","juris":"DOT","status":"Active","crossstree":" ","ORIG_FID":150,"DataSource":"NYC Open Data - GreenThumb Garden Info"}},{"type":"Feature","id":153,"geometry":{"type":"Point","coordinates":[-73.8476328321894,40.6847627700858]},"properties":{"FID":153,"address":"93-11 101 AVENUE","borough":"Q","gardenname":"M.S. 210 - YMCA Beacon Center Garden","juris":"DOE","status":"Not GreenThumb","crossstree":"93rd & 94th streets","ORIG_FID":151,"DataSource":"NYC Open Data - GreenThumb Garden Info"}},{"type":"Feature","id":154,"geometry":{"type":"Point","coordinates":[-73.8131236914052,40.58525853955]},"properties":{"FID":154,"address":"136 Beach 91st Street","borough":"Q","gardenname":"Beach 91 Community Garden","juris":"PRI","status":"Active","crossstree":"Holland Ave. and Beach 91st St.","ORIG_FID":152,"DataSource":"NYC Open Data - GreenThumb Garden Info"}},{"type":"Feature","id":155,"geometry":{"type":"Point","coordinates":[-73.7340161972896,40.770825043541]},"properties":{"FID":155,"address":"253-15 Pembroke Avenue","borough":"Q","gardenname":"Pembroke/Van Nostrand Court Garden","juris":"NYRP","status":"Active","crossstree":"254th St. & Little Neck Pkwy.","ORIG_FID":153,"DataSource":"NYC Open Data - GreenThumb Garden Info"}},{"type":"Feature","id":156,"geometry":{"type":"Point","coordinates":[-73.7750603300701,40.6867488805564]},"properties":{"FID":156,"address":"117-02 Merrick Boulevard","borough":"Q","gardenname":"Merrick-Marsden Neighborhood Association Garden II","juris":"BQLT","status":"Active","crossstree":"corner of Foch and Merrick Blvd  (170-148 Foch Blvd.)","ORIG_FID":154,"DataSource":"NYC Open Data - GreenThumb Garden Info"}},{"type":"Feature","id":157,"geometry":{"type":"Point","coordinates":[-73.9434057440798,40.7429566802067]},"properties":{"FID":157,"address":"25-30 Skillman Avenue","borough":"Q","gardenname":"Smiling Hogshead Ranch","juris":"MTA","status":"Active","crossstree":"Pearson Place & 49th Avenue","ORIG_FID":155,"DataSource":"NYC Open Data - GreenThumb Garden Info"}},{"type":"Feature","id":158,"geometry":{"type":"Point","coordinates":[-73.9141990609378,40.7501308743404]},"properties":{"FID":158,"address":"50th St. and Barnett Ave.","borough":"Q","gardenname":"Sunnyside Park Community Garden","juris":"PRI / DOT","status":"Not GreenThumb","crossstree":"In Sunnyside Garden Park along Barnett Ave.","ORIG_FID":156,"DataSource":"NYC Open Data - GreenThumb Garden Info"}},{"type":"Feature","id":159,"geometry":{"type":"Point","coordinates":[-73.7633767283533,40.5956150440991]},"properties":{"FID":159,"address":"30-03 Seagirt Boulevard","borough":"Q","gardenname":"Seagirt Boulevard Community Garden","juris":"NYRP","status":"Active","crossstree":"Beach 30th & Beach 31st","ORIG_FID":157,"DataSource":"NYC Open Data - GreenThumb Garden Info"}},{"type":"Feature","id":160,"geometry":{"type":"Point","coordinates":[-73.774167039777,40.686152384525]},"properties":{"FID":160,"address":"118-18 Merrick Boulevard","borough":"Q","gardenname":"Merrick-Marsden Neighborhood Association Garden","juris":"BQLT","status":"Active","crossstree":"119th Avenue","ORIG_FID":158,"DataSource":"NYC Open Data - GreenThumb Garden Info"}},{"type":"Feature","id":161,"geometry":{"type":"Point","coordinates":[-73.8695266637245,40.7640951198939]},"properties":{"FID":161,"address":"25-16 McIntosh Street","borough":"Q","gardenname":"McIntosh Neighborhood Association Garden","juris":"BQLT","status":"Active","crossstree":"27th Avenue & 25th Avenue  (25-16 McIntosh Street)","ORIG_FID":159,"DataSource":"NYC Open Data - GreenThumb Garden Info"}},{"type":"Feature","id":162,"geometry":{"type":"Point","coordinates":[-73.857650836417,40.7577710476958]},"properties":{"FID":162,"address":"33-12 112th Street","borough":"Q","gardenname":"Malcolm X Garden","juris":"BQLT","status":"Active","crossstree":"corner of 111-26 Northern Blvd and 112th Street","ORIG_FID":160,"DataSource":"NYC Open Data - GreenThumb Garden Info"}},{"type":"Feature","id":163,"geometry":{"type":"Point","coordinates":[-73.9380906761438,40.7432020917032]},"properties":{"FID":163,"address":"29-08 47th Avenue","borough":"Q","gardenname":"FF Michael Brennan Memorial LIC Roots Community Garden","juris":"MTA","status":"Active","crossstree":"29th & 30th Streets","ORIG_FID":161,"DataSource":"NYC Open Data - GreenThumb Garden Info"}},{"type":"Feature","id":164,"geometry":{"type":"Point","coordinates":[-73.7702046888953,40.6925603274972]},"properties":{"FID":164,"address":"178-22 Linden Boulevard","borough":"Q","gardenname":"Linden Boulevard Community Garden","juris":"NYRP","status":"Inactive (No Group)","crossstree":"178th st. At traingle 115th Avenue","ORIG_FID":162,"DataSource":"NYC Open Data - GreenThumb Garden Info"}},{"type":"Feature","id":165,"geometry":{"type":"Point","coordinates":[-73.8057970918622,40.6896337357084]},"properties":{"FID":165,"address":"143-01 Shore Avenue","borough":"Q","gardenname":"Dunton Community Garden","juris":"BQLT","status":"Active","crossstree":"Shore Ave and 107th Ave","ORIG_FID":163,"DataSource":"NYC Open Data - GreenThumb Garden Info"}},{"type":"Feature","id":166,"geometry":{"type":"Point","coordinates":[-73.8037272041471,40.6895910637766]},"properties":{"FID":166,"address":"144-29 Lakewood Avenue","borough":"Q","gardenname":"Back To Eden Community Garden","juris":"BQLT","status":"Active","crossstree":"corner of Inwood St.","ORIG_FID":164,"DataSource":"NYC Open Data - GreenThumb Garden Info"}},{"type":"Feature","id":167,"geometry":{"type":"Point","coordinates":[-73.7808577790632,40.6846001249958]},"properties":{"FID":167,"address":"117-09 165th Street","borough":"Q","gardenname":"Curtis \"50 Cent\" Community Garden","juris":"NYRP","status":"Active","crossstree":"At Foch Boulevard","ORIG_FID":165,"DataSource":"NYC Open Data - GreenThumb Garden Info"}},{"type":"Feature","id":168,"geometry":{"type":"Point","coordinates":[-73.7342167488039,40.6935013439119]},"properties":{"FID":168,"address":"116-98 227th Street","borough":"Q","gardenname":"Cambria Heights Community Garden","juris":"BQLT","status":"Active","crossstree":"At Linden Boulevard","ORIG_FID":166,"DataSource":"NYC Open Data - GreenThumb Garden Info"}},{"type":"Feature","id":169,"geometry":{"type":"Point","coordinates":[-73.7655993452336,40.6635857018187]},"properties":{"FID":169,"address":"179-18 145th Drive","borough":"Q","gardenname":"Garden of Resilience","juris":"DPR","status":"Active","crossstree":" ","ORIG_FID":167,"DataSource":"NYC Open Data - GreenThumb Garden Info"}},{"type":"Feature","id":170,"geometry":{"type":"Point","coordinates":[-73.8098385974732,40.5910868262961]},"properties":{"FID":170,"address":"322 Beach 84th Street","borough":"Q","gardenname":"Bay 84th Street Community Garden","juris":"DPR","status":"Active","crossstree":"Beach Channel Drive & Dead End St.","ORIG_FID":168,"DataSource":"NYC Open Data - GreenThumb Garden Info"}},{"type":"Feature","id":171,"geometry":{"type":"Point","coordinates":[-73.9115996155298,40.7557707917887]},"properties":{"FID":171,"address":"49-11 Broadway Queens NY 11377","borough":"Q","gardenname":"The Community Pride - Woodside Houses (NYCHA)","juris":"NYCHA","status":"Active","crossstree":"Broadway & 49th street","ORIG_FID":169,"DataSource":"NYC Open Data - GreenThumb Garden Info"}},{"type":"Feature","id":172,"geometry":{"type":"Point","coordinates":[-73.7985836737975,40.6761632017704]},"properties":{"FID":172,"address":"12001 142nd Place, South Ozone Parks","borough":"Q","gardenname":"12001 142nd Place Community Garden","juris":"DPR","status":"Inactive (No Group)","crossstree":" ","ORIG_FID":170,"DataSource":"NYC Open Data - GreenThumb Garden Info"}},{"type":"Feature","id":173,"geometry":{"type":"Point","coordinates":[-73.7618500725228,40.6915494058804]},"properties":{"FID":173,"address":"189-22 Linden Boulevard","borough":"Q","gardenname":"The CPT Samuel E. & Katherine Whaley Husbands Legacy of Love Permaculture Garden","juris":"DPR","status":"Active","crossstree":" ","ORIG_FID":171,"DataSource":"NYC Open Data - GreenThumb Garden Info"}},{"type":"Feature","id":174,"geometry":{"type":"Point","coordinates":[-73.7747772216914,40.5981322204256]},"properties":{"FID":174,"address":"480 Beach 43rd Street","borough":"Q","gardenname":"The Garden By The Bay","juris":"DPR","status":"Active","crossstree":"Edgemere Drive and Norton Basin","ORIG_FID":172,"DataSource":"NYC Open Data - GreenThumb Garden Info"}},{"type":"Feature","id":175,"geometry":{"type":"Point","coordinates":[-73.9351966964703,40.7530875889211]},"properties":{"FID":175,"address":"39-22 29th Street","borough":"Q","gardenname":"Windmill Community Garden","juris":"DPR","status":"Active","crossstree":"39th Ave. and 40th Ave.","ORIG_FID":173,"DataSource":"NYC Open Data - GreenThumb Garden Info"}},{"type":"Feature","id":176,"geometry":{"type":"Point","coordinates":[-73.7635908407447,40.5955894961584]},"properties":{"FID":176,"address":"30-15 Seagirt Boulevard","borough":"Q","gardenname":"Community Serenity Garden","juris":"DPR","status":"Active","crossstree":"At Beach 31st Street","ORIG_FID":174,"DataSource":"NYC Open Data - GreenThumb Garden Info"}},{"type":"Feature","id":177,"geometry":{"type":"Point","coordinates":[-73.768579267719,40.5970163704092]},"properties":{"FID":177,"address":"426 Beach 36th Street","borough":"Q","gardenname":"The Healing Garden","juris":"DPR","status":"Active (Unlicensed)","crossstree":" ","ORIG_FID":175,"DataSource":"NYC Open Data - GreenThumb Garden Info"}},{"type":"Feature","id":178,"geometry":{"type":"Point","coordinates":[-73.8714328190693,40.7561480196155]},"properties":{"FID":178,"address":"33-28 97th Street","borough":"Q","gardenname":"97th Street Community Garden","juris":"DPR","status":"Active","crossstree":"Northern Boulevard & 34th Avenue","ORIG_FID":176,"DataSource":"NYC Open Data - GreenThumb Garden Info"}},{"type":"Feature","id":179,"geometry":{"type":"Point","coordinates":[-73.7908751663558,40.694890195726]},"properties":{"FID":179,"address":"162-11 109th Ave (108-51 Union Hall St)","borough":"Q","gardenname":"Discovery Community Garden 1","juris":"DPR","status":"Active","crossstree":"109th Ave. and 108th Ave.","ORIG_FID":177,"DataSource":"NYC Open Data - GreenThumb Garden Info"}},{"type":"Feature","id":180,"geometry":{"type":"Point","coordinates":[-73.7913290056291,40.6946247014689]},"properties":{"FID":180,"address":"108-56 Union Hall St (160-19 109th Ave)","borough":"Q","gardenname":"Discovery Community Garden 2","juris":"DPR","status":"Active","crossstree":"At 109th Avenue","ORIG_FID":178,"DataSource":"NYC Open Data - GreenThumb Garden Info"}},{"type":"Feature","id":181,"geometry":{"type":"Point","coordinates":[-73.7738966639998,40.6835214205772]},"properties":{"FID":181,"address":"171-03 120th Avenue","borough":"Q","gardenname":"Phoenix Gate Community Garden","juris":"DPR","status":"Active","crossstree":"120th Avenue, 172nd St, 171st St. and Victoria Drive","ORIG_FID":179,"DataSource":"NYC Open Data - GreenThumb Garden Info"}},{"type":"Feature","id":182,"geometry":{"type":"Point","coordinates":[-73.7945844390206,40.6924754180062]},"properties":{"FID":182,"address":"109-19 156th Street","borough":"Q","gardenname":"George Washington Carver Botanical Garden","juris":"DPR","status":"Active","crossstree":"156th St between 109 ave and 110 ave","ORIG_FID":180,"DataSource":"NYC Open Data - GreenThumb Garden Info"}},{"type":"Feature","id":183,"geometry":{"type":"Point","coordinates":[-73.8070683995869,40.7037060285104]},"properties":{"FID":183,"address":"89-23 148th Street","borough":"Q","gardenname":"George Eagle Carr Community Garden","juris":"DPR","status":"Active","crossstree":"89th & 90th Avenues","ORIG_FID":181,"DataSource":"NYC Open Data - GreenThumb Garden Info"}},{"type":"Feature","id":184,"geometry":{"type":"Point","coordinates":[-73.80374375527,40.6906617669271]},"properties":{"FID":184,"address":"107-29 Inwood Street","borough":"Q","gardenname":"Paradise Community Garden NY","juris":"DPR","status":"Active","crossstree":"Lakewood & Shore Avenues","ORIG_FID":182,"DataSource":"NYC Open Data - GreenThumb Garden Info"}},{"type":"Feature","id":185,"geometry":{"type":"Point","coordinates":[-73.7920727287733,40.6833463360646]},"properties":{"FID":185,"address":"15012 115th Dr, Queens, NY 11434","borough":"Q","gardenname":"South Jamaica Infinity Garden","juris":"DPR","status":"Active","crossstree":"155th Street & Sutphin Boulevard","ORIG_FID":183,"DataSource":"NYC Open Data - GreenThumb Garden Info"}},{"type":"Feature","id":186,"geometry":{"type":"Point","coordinates":[-73.7769644097796,40.595332415059]},"properties":{"FID":186,"address":"378 Beach 45th Street","borough":"Q","gardenname":"Far Rock Urban Agro-Education Center","juris":"DPR","status":"Active","crossstree":"corner of Beach Channel Drive","ORIG_FID":184,"DataSource":"NYC Open Data - GreenThumb Garden Info"}},{"type":"Feature","id":187,"geometry":{"type":"Point","coordinates":[-73.7767290068381,40.5949709604415]},"properties":{"FID":187,"address":"385 Beach 45th Street","borough":"Q","gardenname":"Edgemere Farm","juris":"DPR","status":"Active","crossstree":"Beach Channel Dr. & Rockaway Beach Blvd.","ORIG_FID":185,"DataSource":"NYC Open Data - GreenThumb Garden Info"}},{"type":"Feature","id":188,"geometry":{"type":"Point","coordinates":[-73.9320174761256,40.772287173914]},"properties":{"FID":188,"address":"11-01 30th Avenue","borough":"Q","gardenname":"Two Coves Community Garden","juris":"DPR","status":"Active","crossstree":"30th Avenue & Main Avenue & Astoria Boulevard & 8th St.","ORIG_FID":186,"DataSource":"NYC Open Data - GreenThumb Garden Info"}},{"type":"Feature","id":189,"geometry":{"type":"Point","coordinates":[-73.8576696745158,40.7161988348084]},"properties":{"FID":189,"address":"67-2 Kessel Street","borough":"Q","gardenname":"Project Eden","juris":"DPR","status":"Active","crossstree":"At Yellowstone Blvd.","ORIG_FID":187,"DataSource":"NYC Open Data - GreenThumb Garden Info"}},{"type":"Feature","id":190,"geometry":{"type":"Point","coordinates":[-73.8599862588587,40.7416114311227]},"properties":{"FID":190,"address":"52-02 102nd Street","borough":"Q","gardenname":"Corona Peachtree Community Garden","juris":"DPR","status":"Active","crossstree":"At Radcliffe Avenue","ORIG_FID":188,"DataSource":"NYC Open Data - GreenThumb Garden Info"}},{"type":"Feature","id":191,"geometry":{"type":"Point","coordinates":[-73.8590887336581,40.7403358066522]},"properties":{"FID":191,"address":"54-01 101st Street","borough":"Q","gardenname":"Sparrow's Nest Community Garden","juris":"DPR","status":"Active","crossstree":"Lewis Ave. and Martense Ave","ORIG_FID":189,"DataSource":"NYC Open Data - GreenThumb Garden Info"}},{"type":"Feature","id":192,"geometry":{"type":"Point","coordinates":[-73.9261382427856,40.7559247332399]},"properties":{"FID":192,"address":"35-38 35 STREET","borough":"Q","gardenname":"Astoria Residents Reclaiming Our World (ARROW)","juris":"DPR","status":"Not GreenThumb","crossstree":"35th & 36th Avenues","ORIG_FID":190,"DataSource":"NYC Open Data - GreenThumb Garden Info"}},{"type":"Feature","id":193,"geometry":{"type":"Point","coordinates":[-73.7718979828056,40.6888502472412]},"properties":{"FID":193,"address":"17850 LINDEN BOULEVARD","borough":"Q","gardenname":"Roy Wilkins Community Garden","juris":"DPR","status":"Not GreenThumb","crossstree":"entrance at 179th St. and Linden Blvd.","ORIG_FID":191,"DataSource":"NYC Open Data - GreenThumb Garden Info"}},{"type":"Feature","id":194,"geometry":{"type":"Point","coordinates":[-73.7715205310477,40.6888771846344]},"properties":{"FID":194,"address":"177-01 Baisley Boulevard","borough":"Q","gardenname":"Senior Citizen Garden Club","juris":"DPR","status":"Not GreenThumb","crossstree":"116th Ave. and 175th St. (inside park)","ORIG_FID":192,"DataSource":"NYC Open Data - GreenThumb Garden Info"}},{"type":"Feature","id":195,"geometry":{"type":"Point","coordinates":[-73.795517149297,40.6686721935669]},"properties":{"FID":195,"address":"13328 133rd Ave","borough":"Q","gardenname":"Essential Garden","juris":"DPR","status":"Not GreenThumb","crossstree":"133rd Ave. and 135th Ave, and 143rd Street and 145th Street","ORIG_FID":193,"DataSource":"NYC Open Data - GreenThumb Garden Info"}},{"type":"Feature","id":196,"geometry":{"type":"Point","coordinates":[-73.7885254446935,40.594547975109]},"properties":{"FID":196,"address":"310 Beach 58th Street","borough":"Q","gardenname":"Rockaway Youth Community Power","juris":"DPR","status":"Active","crossstree":"at Beach Channel Drive","ORIG_FID":194,"DataSource":"NYC Open Data - GreenThumb Garden Info"}},{"type":"Feature","id":197,"geometry":{"type":"Point","coordinates":[-73.7885276651196,40.5948643539069]},"properties":{"FID":197,"address":"308 Beach 58th Street","borough":"Q","gardenname":"Rockaway Roots Urban Farm","juris":"DPR","status":"Active","crossstree":"Beach 58th St. and Beach Channel Drive","ORIG_FID":195,"DataSource":"NYC Open Data - GreenThumb Garden Info"}},{"type":"Feature","id":198,"geometry":{"type":"Point","coordinates":[-73.8212465353993,40.7480264184845]},"properties":{"FID":198,"address":"47-32 Colden Street","borough":"Q","gardenname":"Evergreen Community Garden","juris":"DPR","status":"Active","crossstree":"Juniper and Colden","ORIG_FID":196,"DataSource":"NYC Open Data - GreenThumb Garden Info"}},{"type":"Feature","id":199,"geometry":{"type":"Point","coordinates":[-73.7829914188189,40.7016743152175]},"properties":{"FID":199,"address":"106-17 173rd Street","borough":"Q","gardenname":"Liberty Collective Learning Gardeners","juris":"DPR","status":"Active (Unlicensed)","crossstree":" ","ORIG_FID":197,"DataSource":"NYC Open Data - GreenThumb Garden Info"}},{"type":"Feature","id":200,"geometry":{"type":"Point","coordinates":[-73.7830249023773,40.7016115749143]},"properties":{"FID":200,"address":"106-17 173rd Street","borough":"Q","gardenname":"Trees of Life Organic Garden","juris":"DPR","status":"Active","crossstree":"173rd St and 106th Avenue/  SE/C of Liberty Park","ORIG_FID":198,"DataSource":"NYC Open Data - GreenThumb Garden Info"}},{"type":"Feature","id":201,"geometry":{"type":"Point","coordinates":[-73.8096596233929,40.5893697183379]},"properties":{"FID":201,"address":"255 Beach 84th Street","borough":"Q","gardenname":"We Rose In Together Community Garden - Hammel Houses (NYCHA)","juris":"NYCHA","status":"Active","crossstree":" ","ORIG_FID":199,"DataSource":"NYC Open Data - GreenThumb Garden Info"}},{"type":"Feature","id":202,"geometry":{"type":"Point","coordinates":[-73.9551684438686,40.7434453385316]},"properties":{"FID":202,"address":"5-30 49th Avenue","borough":"Q","gardenname":"Long Island City Community Garden","juris":"DPR","status":"Active","crossstree":"Vernon Blvd. and 5th St.","ORIG_FID":200,"DataSource":"NYC Open Data - GreenThumb Garden Info"}},{"type":"Feature","id":203,"geometry":{"type":"Point","coordinates":[-73.9551684438686,40.7434453385316]},"properties":{"FID":203,"address":"5-30 49th Avenue","borough":"Q","gardenname":"Long Island City Community Garden","juris":"DPR","status":"Active","crossstree":"Vernon Blvd. and 5th St.","ORIG_FID":201,"DataSource":"NYC Open Data - GreenThumb Garden Info"}},{"type":"Feature","id":204,"geometry":{"type":"Point","coordinates":[-73.9829021759946,40.7123427819939]},"properties":{"FID":204,"address":"640 WATER ST, 10002","borough":"M","gardenname":"Vladeck Houses Community Garden - Vladeck Houses  (NYCHA)","juris":"NYCHA","status":"Active","crossstree":" ","ORIG_FID":202,"DataSource":"NYC Open Data - GreenThumb Garden Info"}},{"type":"Feature","id":205,"geometry":{"type":"Point","coordinates":[-73.9565633661064,40.8245280892]},"properties":{"FID":205,"address":"679 Riverside Drive","borough":"M","gardenname":"Riverbank State Park Community Garden","juris":"NYS PARKS","status":"Not GreenThumb","crossstree":" ","ORIG_FID":203,"DataSource":"NYC Open Data - GreenThumb Garden Info"}},{"type":"Feature","id":206,"geometry":{"type":"Point","coordinates":[-73.9984700962179,40.7111881010501]},"properties":{"FID":206,"address":"10 Catherine Slip, New York, NY","borough":"M","gardenname":"Raising Haven Community Garden - Alfred Smith Houses (NYCHA)","juris":"NYCHA","status":"Active","crossstree":" ","ORIG_FID":204,"DataSource":"NYC Open Data - GreenThumb Garden Info"}},{"type":"Feature","id":207,"geometry":{"type":"Point","coordinates":[-73.9510781878081,40.788001329298]},"properties":{"FID":207,"address":"15 East 99th Street NY 10029","borough":"M","gardenname":"Serenity Garden - Lexington Houses (NYCHA)","juris":"NYCHA","status":"Active","crossstree":"East 99th street & Park Ave","ORIG_FID":205,"DataSource":"NYC Open Data - GreenThumb Garden Info"}},{"type":"Feature","id":208,"geometry":{"type":"Point","coordinates":[-73.9445997110078,40.7968307166643]},"properties":{"FID":208,"address":"1565 Park Ave, New York, NY","borough":"M","gardenname":"Johnson Garden - Johnson Houses -(NYCHA)","juris":"NYCHA","status":"Not GreenThumb","crossstree":" ","ORIG_FID":206,"DataSource":"NYC Open Data - GreenThumb Garden Info"}},{"type":"Feature","id":209,"geometry":{"type":"Point","coordinates":[-73.9429274693272,40.8094501753853]},"properties":{"FID":209,"address":"65 West 128th Street","borough":"M","gardenname":"Rev. Linnette C. Williamson Memorial Park","juris":"PRI","status":"Not GreenThumb","crossstree":"5th Avenue/Lennox","ORIG_FID":207,"DataSource":"NYC Open Data - GreenThumb Garden Info"}},{"type":"Feature","id":210,"geometry":{"type":"Point","coordinates":[-74.0154490275505,40.7095810170504]},"properties":{"FID":210,"address":"200-218 Albany St, New York, NY 10280","borough":"M","gardenname":"Liberty Community Gardens (LCG)","juris":"PRI","status":"Not GreenThumb","crossstree":" ","ORIG_FID":208,"DataSource":"NYC Open Data - GreenThumb Garden Info"}},{"type":"Feature","id":211,"geometry":{"type":"Point","coordinates":[-73.9477451708029,40.811863693155]},"properties":{"FID":211,"address":"230 West 129 street NY NY 10027","borough":"M","gardenname":"Love Garden - Saint Nicholas Houses (NYCHA)","juris":"NYCHA","status":"Active","crossstree":"West 129th street & St Nicholas","ORIG_FID":209,"DataSource":"NYC Open Data - GreenThumb Garden Info"}},{"type":"Feature","id":212,"geometry":{"type":"Point","coordinates":[-73.952051726406,40.7896015982352]},"properties":{"FID":212,"address":"1445 Madison Avenue","borough":"M","gardenname":"Garden for Living - Carver Houses (NYCHA)","juris":"NYCHA","status":"Not GreenThumb","crossstree":"Madison Avenue & East 99th street","ORIG_FID":210,"DataSource":"NYC Open Data - GreenThumb Garden Info"}},{"type":"Feature","id":213,"geometry":{"type":"Point","coordinates":[-73.9572207471397,40.8138551680816]},"properties":{"FID":213,"address":"550 West 125 Street","borough":"M","gardenname":"Grant Shade Garden- Grant Houses (NYCHA)","juris":"NYCHA","status":"Active","crossstree":"West 125th street & AmsterdanAve.","ORIG_FID":211,"DataSource":"NYC Open Data - GreenThumb Garden Info"}},{"type":"Feature","id":214,"geometry":{"type":"Point","coordinates":[-73.986214059831,40.7244393047302]},"properties":{"FID":214,"address":"150 EAST 4 STREET","borough":"M","gardenname":"Third Street Children's Garden (P.S. 63 - Neighborhood School)","juris":"DOE","status":"Not GreenThumb","crossstree":"1st Avenue & Avenue A","ORIG_FID":212,"DataSource":"NYC Open Data - GreenThumb Garden Info"}},{"type":"Feature","id":215,"geometry":{"type":"Point","coordinates":[-73.9841155835673,40.7122508299119]},"properties":{"FID":215,"address":"198 MONROE STREET","borough":"M","gardenname":"University Neighborhood High School","juris":"DOE","status":"Not GreenThumb","crossstree":"Montgmery Street Gouveneur Street","ORIG_FID":213,"DataSource":"NYC Open Data - GreenThumb Garden Info"}},{"type":"Feature","id":216,"geometry":{"type":"Point","coordinates":[-73.9718024528209,40.7892870549537]},"properties":{"FID":216,"address":"123 WEST 89 STREET","borough":"M","gardenname":"Westside Community Garden","juris":"PRI","status":"Not GreenThumb","crossstree":"Amsterdam and Columbus","ORIG_FID":214,"DataSource":"NYC Open Data - GreenThumb Garden Info"}},{"type":"Feature","id":217,"geometry":{"type":"Point","coordinates":[-73.9681202587429,40.7893882160933]},"properties":{"FID":217,"address":"59 WEST 91 STREET","borough":"M","gardenname":"P.S. 84 - The Dream Garden and Garden of Angels","juris":"DOE","status":"Not GreenThumb","crossstree":"Central Park West","ORIG_FID":215,"DataSource":"NYC Open Data - GreenThumb Garden Info"}},{"type":"Feature","id":218,"geometry":{"type":"Point","coordinates":[-73.9947569699581,40.7221906344902]},"properties":{"FID":218,"address":"SPRING STREET","borough":"M","gardenname":"Elizabeth Street Garden","juris":"HPD","status":"Not GreenThumb","crossstree":"btw Prince St. and Spring St.","ORIG_FID":216,"DataSource":"NYC Open Data - GreenThumb Garden Info"}},{"type":"Feature","id":219,"geometry":{"type":"Point","coordinates":[-73.9402957805258,40.8260478463311]},"properties":{"FID":219,"address":"304 WEST 150 STREET","borough":"M","gardenname":"Colonial Gardeners","juris":"PRI","status":"Not GreenThumb","crossstree":"Bradhurst Avenue & Frederick Douglass Boulevard","ORIG_FID":217,"DataSource":"NYC Open Data - GreenThumb Garden Info"}},{"type":"Feature","id":220,"geometry":{"type":"Point","coordinates":[-73.9937646040532,40.7665076798856]},"properties":{"FID":220,"address":"565 WEST 51 STREET","borough":"M","gardenname":"Juan Alonso Community Garden","juris":"PRI","status":"Not GreenThumb","crossstree":"51st/11th Avenue","ORIG_FID":218,"DataSource":"NYC Open Data - GreenThumb Garden Info"}},{"type":"Feature","id":221,"geometry":{"type":"Point","coordinates":[-73.9788559750232,40.7245398750153]},"properties":{"FID":221,"address":"117 Avenue C","borough":"M","gardenname":"Carmen Pabon Del Amanecer Jardin","juris":"PRI","status":"Active","crossstree":"East 8th and East 7th St.","ORIG_FID":219,"DataSource":"NYC Open Data - GreenThumb Garden Info"}},{"type":"Feature","id":222,"geometry":{"type":"Point","coordinates":[-73.9829580373835,40.7286458557217]},"properties":{"FID":222,"address":"422 East 11th Street","borough":"M","gardenname":"11th Street Community Garden","juris":"MLT","status":"Active","crossstree":"1st Avenue & Avenue A","ORIG_FID":220,"DataSource":"NYC Open Data - GreenThumb Garden Info"}},{"type":"Feature","id":223,"geometry":{"type":"Point","coordinates":[-73.9481255696393,40.8285328709953]},"properties":{"FID":223,"address":"564 West 149th Street","borough":"M","gardenname":"Maggie's Garden","juris":"NYRP","status":"Active","crossstree":"Amsterdam & Broadway","ORIG_FID":221,"DataSource":"NYC Open Data - GreenThumb Garden Info"}},{"type":"Feature","id":224,"geometry":{"type":"Point","coordinates":[-73.9438065719157,40.80892952188]},"properties":{"FID":224,"address":"77 West 127th Street","borough":"M","gardenname":"Our Neighborhood Place","juris":"PRI","status":"Active","crossstree":"Lenox Ave. and 5th Ave.","ORIG_FID":222,"DataSource":"NYC Open Data - GreenThumb Garden Info"}},{"type":"Feature","id":225,"geometry":{"type":"Point","coordinates":[-73.9430817803998,40.8295038636124]},"properties":{"FID":225,"address":"475 W 152nd Street","borough":"M","gardenname":"Sugar Hill Hope Garden","juris":"DEP (DPR)","status":"Active","crossstree":"West 153rd Street","ORIG_FID":223,"DataSource":"NYC Open Data - GreenThumb Garden Info"}},{"type":"Feature","id":226,"geometry":{"type":"Point","coordinates":[-73.9801704295216,40.7283442644763]},"properties":{"FID":226,"address":"522-528 East 12th Street","borough":"M","gardenname":"El Sol Brillante Garden","juris":"PRI","status":"Not GreenThumb","crossstree":"Avenues A & B","ORIG_FID":224,"DataSource":"NYC Open Data - GreenThumb Garden Info"}},{"type":"Feature","id":227,"geometry":{"type":"Point","coordinates":[-73.9390014753378,40.850558542243]},"properties":{"FID":227,"address":"814 West 181st Street","borough":"M","gardenname":"West 181st Street Beautification Project","juris":"DOT","status":"Closed (Construction)","crossstree":"Pinehurst Avenue and West 181st Street","ORIG_FID":225,"DataSource":"NYC Open Data - GreenThumb Garden Info"}},{"type":"Feature","id":228,"geometry":{"type":"Point","coordinates":[-73.9457395018765,40.7964653284122]},"properties":{"FID":228,"address":"95 East 111th Street","borough":"M","gardenname":"Villa Santurce","juris":"DPR","status":"Active","crossstree":"Park & Madison Avenues","ORIG_FID":226,"DataSource":"NYC Open Data - GreenThumb Garden Info"}},{"type":"Feature","id":229,"geometry":{"type":"Point","coordinates":[-73.9789986758482,40.7274812408666]},"properties":{"FID":229,"address":"603 East 11th Street","borough":"M","gardenname":"Toyota Childrens Learning Garden (Coradan Evaeden)","juris":"NYRP","status":"Active","crossstree":"Avenues B & C","ORIG_FID":227,"DataSource":"NYC Open Data - GreenThumb Garden Info"}},{"type":"Feature","id":230,"geometry":{"type":"Point","coordinates":[-73.9347758155514,40.7942810622213]},"properties":{"FID":230,"address":"431 East 114th Street","borough":"M","gardenname":"Family Garden by Tiffany & Co.","juris":"NYRP","status":"Active","crossstree":"1st Ave. & Pleasant Avenues","ORIG_FID":228,"DataSource":"NYC Open Data - GreenThumb Garden Info"}},{"type":"Feature","id":231,"geometry":{"type":"Point","coordinates":[-73.9847967777491,40.7209537501155]},"properties":{"FID":231,"address":"174 Suffolk Street","borough":"M","gardenname":"Dorothy Strelsin Memorial Garden (Suffolk St. - Committee of Poor People)","juris":"NYRP","status":"Active","crossstree":"Houston & Stanton","ORIG_FID":229,"DataSource":"NYC Open Data - GreenThumb Garden Info"}},{"type":"Feature","id":232,"geometry":{"type":"Point","coordinates":[-73.9796312023181,40.7218102581369]},"properties":{"FID":232,"address":"314 East 4th Street","borough":"M","gardenname":"Parque De Tranquilidad","juris":"MLT","status":"Active","crossstree":"Avenues C & D","ORIG_FID":230,"DataSource":"NYC Open Data - GreenThumb Garden Info"}},{"type":"Feature","id":233,"geometry":{"type":"Point","coordinates":[-73.9377342424413,40.7992628575948]},"properties":{"FID":233,"address":"220 E. 119th Street","borough":"M","gardenname":"Papo's Garden","juris":"MLT","status":"Active","crossstree":"2nd & 3rd","ORIG_FID":231,"DataSource":"NYC Open Data - GreenThumb Garden Info"}},{"type":"Feature","id":234,"geometry":{"type":"Point","coordinates":[-73.9483899577303,40.8275042543179]},"properties":{"FID":234,"address":"545 West 147th Street","borough":"M","gardenname":"Mo' Pals","juris":"MLT","status":"Active","crossstree":"Amsterdam & Broadway","ORIG_FID":232,"DataSource":"NYC Open Data - GreenThumb Garden Info"}},{"type":"Feature","id":235,"geometry":{"type":"Point","coordinates":[-73.9465963192647,40.7967575496212]},"properties":{"FID":235,"address":"65 East 111th Street","borough":"M","gardenname":"Mission Garden","juris":"DPR","status":"Active","crossstree":"111th & 112th Streets.","ORIG_FID":233,"DataSource":"NYC Open Data - GreenThumb Garden Info"}},{"type":"Feature","id":236,"geometry":{"type":"Point","coordinates":[-73.9898222190201,40.7130081481076]},"properties":{"FID":236,"address":"25 Rutgers Street","borough":"M","gardenname":"Lower East Side People Care","juris":"MLT","status":"Active","crossstree":"Henry & Madison","ORIG_FID":234,"DataSource":"NYC Open Data - GreenThumb Garden Info"}},{"type":"Feature","id":237,"geometry":{"type":"Point","coordinates":[-73.9374825392877,40.7996630604019]},"properties":{"FID":237,"address":"223 E. 119th Street","borough":"M","gardenname":"La Casita","juris":"NYRP","status":"Active","crossstree":"2nd & 3rd Avenue","ORIG_FID":235,"DataSource":"NYC Open Data - GreenThumb Garden Info"}},{"type":"Feature","id":238,"geometry":{"type":"Point","coordinates":[-73.9431721937417,40.794538705397]},"properties":{"FID":238,"address":"171 East 110th Street","borough":"M","gardenname":"El Cataño Garden","juris":"NYRP","status":"Active","crossstree":"3rd & Lexington Avenues","ORIG_FID":236,"DataSource":"NYC Open Data - GreenThumb Garden Info"}},{"type":"Feature","id":239,"geometry":{"type":"Point","coordinates":[-73.948439465409,40.7909593757746]},"properties":{"FID":239,"address":"105 East 103rd Street","borough":"M","gardenname":"103rd Street Community Garden","juris":"NYRP","status":"Active","crossstree":"Lexington & Park Avenues","ORIG_FID":237,"DataSource":"NYC Open Data - GreenThumb Garden Info"}},{"type":"Feature","id":240,"geometry":{"type":"Point","coordinates":[-73.9990568930612,40.7276980206472]},"properties":{"FID":240,"address":"511 LaGuardia Place","borough":"M","gardenname":"LaGuardia Corner Community Garden","juris":"DOT","status":"Active","crossstree":"Bleecker & Houston Streets.","ORIG_FID":238,"DataSource":"NYC Open Data - GreenThumb Garden Info"}},{"type":"Feature","id":241,"geometry":{"type":"Point","coordinates":[-73.9447602624761,40.7901522342383]},"properties":{"FID":241,"address":"203 East 104th Street","borough":"M","gardenname":"El Sitio Feliz (The Happy Place)","juris":"ACS/PRI","status":"Not GreenThumb","crossstree":"2nd & 3rd Avenues","ORIG_FID":239,"DataSource":"NYC Open Data - GreenThumb Garden Info"}},{"type":"Feature","id":242,"geometry":{"type":"Point","coordinates":[-73.9429641184992,40.8097867979224]},"properties":{"FID":242,"address":"54 W 129th Street","borough":"M","gardenname":"Harlem Village Green","juris":"PRI","status":"Not GreenThumb","crossstree":" ","ORIG_FID":240,"DataSource":"NYC Open Data - GreenThumb Garden Info"}},{"type":"Feature","id":243,"geometry":{"type":"Point","coordinates":[-73.946840079606,40.7968179274055]},"properties":{"FID":243,"address":"1673 Madison Avenue","borough":"M","gardenname":"Diversity Edible Farm Garden","juris":"DPR","status":"Active","crossstree":"E. 111th & E. 112th Streets.","ORIG_FID":241,"DataSource":"NYC Open Data - GreenThumb Garden Info"}},{"type":"Feature","id":244,"geometry":{"type":"Point","coordinates":[-73.9482942698646,40.8261559376464]},"properties":{"FID":244,"address":"522 West 146th Street","borough":"M","gardenname":"Serenity Gardens","juris":"MLT","status":"Active","crossstree":"Amsterdam Ave. and Broadway","ORIG_FID":242,"DataSource":"NYC Open Data - GreenThumb Garden Info"}},{"type":"Feature","id":245,"geometry":{"type":"Point","coordinates":[-73.9521276408779,40.8069794598343]},"properties":{"FID":245,"address":"252 West 121st Street","borough":"M","gardenname":"Five Star Gardens","juris":"MLT","status":"Active","crossstree":"Adam Clayton Powell & Fredrick Douglas Blvds","ORIG_FID":243,"DataSource":"NYC Open Data - GreenThumb Garden Info"}},{"type":"Feature","id":246,"geometry":{"type":"Point","coordinates":[-73.9456505355437,40.8287982726222]},"properties":{"FID":246,"address":"499 West 150th Street","borough":"M","gardenname":"Lucille McClarey Wicked Friendship Garden","juris":"NYRP","status":"Active","crossstree":" ","ORIG_FID":244,"DataSource":"NYC Open Data - GreenThumb Garden Info"}},{"type":"Feature","id":247,"geometry":{"type":"Point","coordinates":[-73.9431826519578,40.7948599198495]},"properties":{"FID":247,"address":"176 E 111th Street","borough":"M","gardenname":"Herb Garden (formerly 111th St. Betterment Assoc.)","juris":"NYRP","status":"Active","crossstree":"3rd Ave. & Lexington Ave.","ORIG_FID":245,"DataSource":"NYC Open Data - GreenThumb Garden Info"}},{"type":"Feature","id":248,"geometry":{"type":"Point","coordinates":[-73.9348384299495,40.802152343356]},"properties":{"FID":248,"address":"242 East 124th Street","borough":"M","gardenname":"Carver Community Garden","juris":"MLT","status":"Active","crossstree":"2nd & 3rd Avenues","ORIG_FID":246,"DataSource":"NYC Open Data - GreenThumb Garden Info"}},{"type":"Feature","id":249,"geometry":{"type":"Point","coordinates":[-73.9795505727007,40.7214717011581]},"properties":{"FID":249,"address":"293 East 3rd Street","borough":"M","gardenname":"All People's Garden, Inc.","juris":"MLT","status":"Active","crossstree":"Avenues C & D","ORIG_FID":247,"DataSource":"NYC Open Data - GreenThumb Garden Info"}},{"type":"Feature","id":250,"geometry":{"type":"Point","coordinates":[-73.933550643947,40.7963493455459]},"properties":{"FID":250,"address":"429 East 117th Street","borough":"M","gardenname":"East Harlem Community Garden","juris":"MLT","status":"Active","crossstree":"1st & Pleasant Avenues","ORIG_FID":248,"DataSource":"NYC Open Data - GreenThumb Garden Info"}},{"type":"Feature","id":251,"geometry":{"type":"Point","coordinates":[-73.9320472571752,40.7960781307012]},"properties":{"FID":251,"address":"326 Pleasant Avenue","borough":"M","gardenname":"Los Amigos Garden NYRP","juris":"NYRP","status":"Active","crossstree":" ","ORIG_FID":249,"DataSource":"NYC Open Data - GreenThumb Garden Info"}},{"type":"Feature","id":252,"geometry":{"type":"Point","coordinates":[-73.9910369638847,40.7254090158134]},"properties":{"FID":252,"address":"16 East 2nd Street","borough":"M","gardenname":"Albert's Garden","juris":"MLT","status":"Active","crossstree":"Bowery & 2nd Avenue","ORIG_FID":250,"DataSource":"NYC Open Data - GreenThumb Garden Info"}},{"type":"Feature","id":253,"geometry":{"type":"Point","coordinates":[-73.9492698418297,40.8235498957111]},"properties":{"FID":253,"address":"1656 Amsterdam Avenue","borough":"M","gardenname":"Hope Steven Garden","juris":"MLT","status":"Active","crossstree":"142nd St & Hamilton Pl & Amsterdam Avenue","ORIG_FID":251,"DataSource":"NYC Open Data - GreenThumb Garden Info"}},{"type":"Feature","id":254,"geometry":{"type":"Point","coordinates":[-73.933852937563,40.7964875101905]},"properties":{"FID":254,"address":"421 East 117th Street","borough":"M","gardenname":"Home Depot Children's Garden","juris":"NYRP","status":"Active","crossstree":"btw 1st Ave and Pleasant","ORIG_FID":252,"DataSource":"NYC Open Data - GreenThumb Garden Info"}},{"type":"Feature","id":255,"geometry":{"type":"Point","coordinates":[-73.9808709995969,40.7228240153161]},"properties":{"FID":255,"address":"281 East 4th Street","borough":"M","gardenname":"Sage's Garden","juris":"DPR","status":"Active","crossstree":"Ave B & Ave. C","ORIG_FID":253,"DataSource":"NYC Open Data - GreenThumb Garden Info"}},{"type":"Feature","id":256,"geometry":{"type":"Point","coordinates":[-73.9460435653582,40.8094572089831]},"properties":{"FID":256,"address":"128 West 127th Street","borough":"M","gardenname":"Harlem Grows 127th Street Learning Annex","juris":"DPR","status":"Active","crossstree":"Lenox Ave. and Adam Clayton Powell Blvd.","ORIG_FID":254,"DataSource":"NYC Open Data - GreenThumb Garden Info"}},{"type":"Feature","id":257,"geometry":{"type":"Point","coordinates":[-73.9840171365815,40.719931262318]},"properties":{"FID":257,"address":"181 Stanton Street - 137 Attorney Street","borough":"M","gardenname":"Siempre Verde Garden","juris":"DPR","status":"Active","crossstree":"Cul de sac between Stanton St. and dead end","ORIG_FID":255,"DataSource":"NYC Open Data - GreenThumb Garden Info"}},{"type":"Feature","id":258,"geometry":{"type":"Point","coordinates":[-73.9435402979464,40.8146131571715]},"properties":{"FID":258,"address":"197 West 134th Street","borough":"M","gardenname":"Harlem Valley Garden","juris":"DPR","status":"Active (Unlicensed)","crossstree":"Adam Clayton Powell Jr. Blvd. and West 134th St.","ORIG_FID":256,"DataSource":"NYC Open Data - GreenThumb Garden Info"}},{"type":"Feature","id":259,"geometry":{"type":"Point","coordinates":[-73.9431064685886,40.8139294125124]},"properties":{"FID":259,"address":"126 West 134th Street","borough":"M","gardenname":"Harlem Grows 134th Street Green House","juris":"DPR","status":"Active","crossstree":"Malcolm X Blvd. and Adam Clayton Powell Jr. Blvd.","ORIG_FID":257,"DataSource":"NYC Open Data - GreenThumb Garden Info"}},{"type":"Feature","id":260,"geometry":{"type":"Point","coordinates":[-73.9562930937512,40.8008875467229]},"properties":{"FID":260,"address":"237 West 111th Street","borough":"M","gardenname":"Electric Ladybug Garden","juris":"DPR","status":"Active","crossstree":"Frederick Douglas & Adam Clayton Powell Blvd.","ORIG_FID":258,"DataSource":"NYC Open Data - GreenThumb Garden Info"}},{"type":"Feature","id":261,"geometry":{"type":"Point","coordinates":[-73.9456414191162,40.8030558634374]},"properties":{"FID":261,"address":"13 West 119th Street","borough":"M","gardenname":"Walter Miller III Memorial Garden (La Casa Frela)","juris":"DPR","status":"Active","crossstree":"5th and Lenox Ave.","ORIG_FID":259,"DataSource":"NYC Open Data - GreenThumb Garden Info"}},{"type":"Feature","id":262,"geometry":{"type":"Point","coordinates":[-73.9422047345608,40.8000844377466]},"properties":{"FID":262,"address":"1665 Park Avenue","borough":"M","gardenname":"Lydia's Magic Garden (El Girasol Magic Garden)","juris":"DPR","status":"Active","crossstree":"117th St. and 118th Street","ORIG_FID":260,"DataSource":"NYC Open Data - GreenThumb Garden Info"}},{"type":"Feature","id":263,"geometry":{"type":"Point","coordinates":[-73.9543591619457,40.8033481709813]},"properties":{"FID":263,"address":"227 West 115th Street","borough":"M","gardenname":"Luigi's Garden of Love","juris":"DPR","status":"Active","crossstree":" ","ORIG_FID":261,"DataSource":"NYC Open Data - GreenThumb Garden Info"}},{"type":"Feature","id":264,"geometry":{"type":"Point","coordinates":[-73.9422660296535,40.8340222824025]},"properties":{"FID":264,"address":"513 W 158th Street","borough":"M","gardenname":"Dorothy K. McGowan Memorial Garden","juris":"DPR","status":"Active","crossstree":"Amsterdam Avenue & Broadway","ORIG_FID":262,"DataSource":"NYC Open Data - GreenThumb Garden Info"}},{"type":"Feature","id":265,"geometry":{"type":"Point","coordinates":[-73.9784483887821,40.7268117468646]},"properties":{"FID":265,"address":"626 East 11th Street","borough":"M","gardenname":"11 BC Serenity Garden","juris":"DPR","status":"Active","crossstree":"Avenues B & C","ORIG_FID":263,"DataSource":"NYC Open Data - GreenThumb Garden Info"}},{"type":"Feature","id":266,"geometry":{"type":"Point","coordinates":[-73.9864716616378,40.7206960466852]},"properties":{"FID":266,"address":"131 Stanton Street","borough":"M","gardenname":"Children's Magical Garden","juris":"DPR/PRI","status":"Active","crossstree":"Norfolk and Essex St.","ORIG_FID":264,"DataSource":"NYC Open Data - GreenThumb Garden Info"}},{"type":"Feature","id":267,"geometry":{"type":"Point","coordinates":[-73.9514259178717,40.8116736852924]},"properties":{"FID":267,"address":"330 Saint Nicholas Avenue","borough":"M","gardenname":"St. Nicholas Miracle Garden","juris":"DPR","status":"Active","crossstree":"126th and 127th Street","ORIG_FID":265,"DataSource":"NYC Open Data - GreenThumb Garden Info"}},{"type":"Feature","id":268,"geometry":{"type":"Point","coordinates":[-73.9912232395608,40.7663271634678]},"properties":{"FID":268,"address":"505 West 52nd Street","borough":"M","gardenname":"Oasis Community Garden","juris":"DPR/PRI","status":"Active","crossstree":"10th & 11th Avenue","ORIG_FID":266,"DataSource":"NYC Open Data - GreenThumb Garden Info"}},{"type":"Feature","id":269,"geometry":{"type":"Point","coordinates":[-73.9405533616483,40.7997093206287]},"properties":{"FID":269,"address":"1891-1895 Lexington Avenue","borough":"M","gardenname":"Olga's El Gallo Community Garden","juris":"DPR","status":"Active","crossstree":"At E. 118th Street","ORIG_FID":267,"DataSource":"NYC Open Data - GreenThumb Garden Info"}},{"type":"Feature","id":270,"geometry":{"type":"Point","coordinates":[-74.0045718919792,40.7380127157143]},"properties":{"FID":270,"address":"36 Jane Street","borough":"M","gardenname":"Jane Street Garden","juris":"DPR","status":"Active","crossstree":"8th Avenue","ORIG_FID":268,"DataSource":"NYC Open Data - GreenThumb Garden Info"}},{"type":"Feature","id":271,"geometry":{"type":"Point","coordinates":[-73.9340132920797,40.796552831548]},"properties":{"FID":271,"address":"415 East 117th Street","borough":"M","gardenname":"El Barrio Community Garden","juris":"DPR","status":"Active","crossstree":"1st Avenue & E 117th St","ORIG_FID":269,"DataSource":"NYC Open Data - GreenThumb Garden Info"}},{"type":"Feature","id":272,"geometry":{"type":"Point","coordinates":[-73.9399685936756,40.8026780996146]},"properties":{"FID":272,"address":"121 East 122nd Street","borough":"M","gardenname":"El Barrio Garden of Angels","juris":"DPR","status":"Active","crossstree":"Park & Lexington Ave","ORIG_FID":270,"DataSource":"NYC Open Data - GreenThumb Garden Info"}},{"type":"Feature","id":273,"geometry":{"type":"Point","coordinates":[-73.9530673757587,40.8045866984174]},"properties":{"FID":273,"address":"145 St. Nicholas Avenue","borough":"M","gardenname":"Carrie McCracken TRUCE Garden","juris":"DPR","status":"Active","crossstree":"W. 117th & W. 118th Streets","ORIG_FID":271,"DataSource":"NYC Open Data - GreenThumb Garden Info"}},{"type":"Feature","id":274,"geometry":{"type":"Point","coordinates":[-73.9471130355381,40.7963990843503]},"properties":{"FID":274,"address":"1659 Madison Avenue","borough":"M","gardenname":"Pueblo Unido","juris":"DPR","status":"Inactive (No Group)","crossstree":"E 110th & E 111th","ORIG_FID":272,"DataSource":"NYC Open Data - GreenThumb Garden Info"}},{"type":"Feature","id":275,"geometry":{"type":"Point","coordinates":[-73.9442931258271,40.7991198069336]},"properties":{"FID":275,"address":"71 East 115th Street","borough":"M","gardenname":"La Cuevita Community Garden","juris":"DPR","status":"Active","crossstree":"Madison & Park Avenue","ORIG_FID":273,"DataSource":"NYC Open Data - GreenThumb Garden Info"}},{"type":"Feature","id":276,"geometry":{"type":"Point","coordinates":[-73.9473291525183,40.7961638648705]},"properties":{"FID":276,"address":"1651 Madison Avenue","borough":"M","gardenname":"Pa'lante Community Garden","juris":"DPR","status":"Active","crossstree":"At E. 110th Street","ORIG_FID":274,"DataSource":"NYC Open Data - GreenThumb Garden Info"}},{"type":"Feature","id":277,"geometry":{"type":"Point","coordinates":[-73.9412474179339,40.8106892693943]},"properties":{"FID":277,"address":"34 West 131st Street","borough":"M","gardenname":"Harlem Grows 131st Street Farm","juris":"DPR","status":"Active","crossstree":"btw 5th & Lenox  Avenues","ORIG_FID":275,"DataSource":"NYC Open Data - GreenThumb Garden Info"}},{"type":"Feature","id":278,"geometry":{"type":"Point","coordinates":[-73.9390411291448,40.82727164557]},"properties":{"FID":278,"address":"300 W 152nd Street","borough":"M","gardenname":"Frederick Douglass Boulevard Community Garden","juris":"DPR","status":"Active","crossstree":"8th Avenue and Frederick Douglas Blvd.","ORIG_FID":276,"DataSource":"NYC Open Data - GreenThumb Garden Info"}},{"type":"Feature","id":279,"geometry":{"type":"Point","coordinates":[-73.9344064055311,40.794294473811]},"properties":{"FID":279,"address":"437 East 114th St/448 East 115th St","borough":"M","gardenname":"Rodale Pleasant Park Community Garden","juris":"DPR/NYRP","status":"Active","crossstree":"1st & Pleasant Avenues","ORIG_FID":277,"DataSource":"NYC Open Data - GreenThumb Garden Info"}},{"type":"Feature","id":280,"geometry":{"type":"Point","coordinates":[-73.9509859695268,40.8111465242927]},"properties":{"FID":280,"address":"303 W 126th Street","borough":"M","gardenname":"Clayton Williams Community Garden","juris":"DPR/MLT","status":"Active","crossstree":"At Frederick Douglass Boulevard","ORIG_FID":278,"DataSource":"NYC Open Data - GreenThumb Garden Info"}},{"type":"Feature","id":281,"geometry":{"type":"Point","coordinates":[-73.9631148534677,40.798204136112]},"properties":{"FID":281,"address":"76 W. 105th Street","borough":"M","gardenname":"La Perla Community Garden","juris":"DPR/MLT","status":"Active","crossstree":"Columbus & Manhattan","ORIG_FID":279,"DataSource":"NYC Open Data - GreenThumb Garden Info"}},{"type":"Feature","id":282,"geometry":{"type":"Point","coordinates":[-73.9817900905402,40.7211349895882]},"properties":{"FID":282,"address":"247 East 2nd Street","borough":"M","gardenname":"Le Petit Versailles Garden","juris":"DPR","status":"Active","crossstree":"Avenues B & C","ORIG_FID":280,"DataSource":"NYC Open Data - GreenThumb Garden Info"}},{"type":"Feature","id":283,"geometry":{"type":"Point","coordinates":[-73.98418501033,40.7220776094941]},"properties":{"FID":283,"address":"193 East 2nd Street","borough":"M","gardenname":"Hope Garden","juris":"DPR","status":"Active","crossstree":"Btwn Avenues A & B","ORIG_FID":281,"DataSource":"NYC Open Data - GreenThumb Garden Info"}},{"type":"Feature","id":284,"geometry":{"type":"Point","coordinates":[-73.9783420907149,40.7240934065855]},"properties":{"FID":284,"address":"237 E. 7th Street","borough":"M","gardenname":"Sam & Sadie Koenig Garden","juris":"DPR","status":"Active","crossstree":"Avenues C & D","ORIG_FID":282,"DataSource":"NYC Open Data - GreenThumb Garden Info"}},{"type":"Feature","id":285,"geometry":{"type":"Point","coordinates":[-73.9635554052577,40.8038866769286]},"properties":{"FID":285,"address":"1039 Amsterdam Avenue","borough":"M","gardenname":"The Julia Gabriel People's Garden","juris":"DPR","status":"Active","crossstree":"at 111th Street","ORIG_FID":283,"DataSource":"NYC Open Data - GreenThumb Garden Info"}},{"type":"Feature","id":286,"geometry":{"type":"Point","coordinates":[-73.9441612006788,40.8004561158571]},"properties":{"FID":286,"address":"52 East 117th Street","borough":"M","gardenname":"Peaceful Valley","juris":"DPR","status":"Active","crossstree":"At Madison Avenue","ORIG_FID":284,"DataSource":"NYC Open Data - GreenThumb Garden Info"}},{"type":"Feature","id":287,"geometry":{"type":"Point","coordinates":[-73.9520368821963,40.8082235711609]},"properties":{"FID":287,"address":"277 West 122nd Street","borough":"M","gardenname":"Our Little Green Acre (Garden Eight)","juris":"DPR","status":"Active","crossstree":"At Frederick Douglass Blvd.","ORIG_FID":285,"DataSource":"NYC Open Data - GreenThumb Garden Info"}},{"type":"Feature","id":288,"geometry":{"type":"Point","coordinates":[-73.9397656805417,40.8030874800032]},"properties":{"FID":288,"address":"103 East 122nd Street","borough":"M","gardenname":"Jackie Robinson Community Garden","juris":"DPR","status":"Closed (Construction)","crossstree":"At Park Avenue","ORIG_FID":286,"DataSource":"NYC Open Data - GreenThumb Garden Info"}},{"type":"Feature","id":289,"geometry":{"type":"Point","coordinates":[-73.939976553575,40.808535180854]},"properties":{"FID":289,"address":"8 East 129th Street","borough":"M","gardenname":"Harlem Rose Garden","juris":"DPR","status":"Active","crossstree":"Btwn 5th & Madison","ORIG_FID":287,"DataSource":"NYC Open Data - GreenThumb Garden Info"}},{"type":"Feature","id":290,"geometry":{"type":"Point","coordinates":[-73.9452396829649,40.8070378887876]},"properties":{"FID":290,"address":"75 West 124th Street","borough":"M","gardenname":"West 124th Street Community Garden","juris":"DPR","status":"Active","crossstree":"Malcolm X Boulevard & Mount Morris Park West.","ORIG_FID":288,"DataSource":"NYC Open Data - GreenThumb Garden Info"}},{"type":"Feature","id":291,"geometry":{"type":"Point","coordinates":[-73.97963604157,40.7246502101391]},"properties":{"FID":291,"address":"213 East 7th Street","borough":"M","gardenname":"Clyde Romero Memorial Garden","juris":"DPR","status":"Active","crossstree":"btw Avenue B & C","ORIG_FID":289,"DataSource":"NYC Open Data - GreenThumb Garden Info"}},{"type":"Feature","id":292,"geometry":{"type":"Point","coordinates":[-73.9775721289506,40.727253098152]},"properties":{"FID":292,"address":"644 East 12th Street","borough":"M","gardenname":"Campos Community Garden","juris":"DPR","status":"Active","crossstree":"Avenues B & C","ORIG_FID":290,"DataSource":"NYC Open Data - GreenThumb Garden Info"}},{"type":"Feature","id":293,"geometry":{"type":"Point","coordinates":[-73.9896027070992,40.7240129127658]},"properties":{"FID":293,"address":"48 East 1st Street","borough":"M","gardenname":"First Street Garden","juris":"DPR","status":"Active","crossstree":"1st & 2nd Avenues","ORIG_FID":291,"DataSource":"NYC Open Data - GreenThumb Garden Info"}},{"type":"Feature","id":294,"geometry":{"type":"Point","coordinates":[-73.9820226606172,40.7225187224611]},"properties":{"FID":294,"address":"221 East 3rd Street","borough":"M","gardenname":"Los Amigos","juris":"DPR","status":"Active","crossstree":"Avenue B & C","ORIG_FID":292,"DataSource":"NYC Open Data - GreenThumb Garden Info"}},{"type":"Feature","id":295,"geometry":{"type":"Point","coordinates":[-73.951105788901,40.80622659688]},"properties":{"FID":295,"address":"203 W. 120th Street","borough":"M","gardenname":"Harlem Roots Community Garden","juris":"DPR","status":"Active","crossstree":"Adam C. Powell Blvd. & Street Nicholas Avenue","ORIG_FID":293,"DataSource":"NYC Open Data - GreenThumb Garden Info"}},{"type":"Feature","id":296,"geometry":{"type":"Point","coordinates":[-73.9402241117533,40.8227363842768]},"properties":{"FID":296,"address":"234 West 146th Street","borough":"M","gardenname":"Robert L. Clinkscales Playground and Community Garden  (C.G. of West 146th St.)","juris":"DPR","status":"Active","crossstree":"Adam Clayton Powell & Frederick Douglass Boulevards","ORIG_FID":294,"DataSource":"NYC Open Data - GreenThumb Garden Info"}},{"type":"Feature","id":297,"geometry":{"type":"Point","coordinates":[-73.9784542838381,40.7213192786618]},"properties":{"FID":297,"address":"350 East 4th Street","borough":"M","gardenname":"Orchard Alley","juris":"DPR","status":"Active","crossstree":"Avenues C & D","ORIG_FID":295,"DataSource":"NYC Open Data - GreenThumb Garden Info"}},{"type":"Feature","id":298,"geometry":{"type":"Point","coordinates":[-73.978374193814,40.7285383282813]},"properties":{"FID":298,"address":"209 Avenue B","borough":"M","gardenname":"Relaxation Garden","juris":"DPR","status":"Closed (Construction)","crossstree":"At E.13 th Street","ORIG_FID":296,"DataSource":"NYC Open Data - GreenThumb Garden Info"}},{"type":"Feature","id":299,"geometry":{"type":"Point","coordinates":[-73.9505891634591,40.8076460112544]},"properties":{"FID":299,"address":"219 W. 122nd Street","borough":"M","gardenname":"Joseph Daniel Wilson Memorial Gardens","juris":"DPR","status":"Active","crossstree":"Adam Clayton Powell / Frederick Douglass Blvd (7th & 8th)","ORIG_FID":297,"DataSource":"NYC Open Data - GreenThumb Garden Info"}},{"type":"Feature","id":300,"geometry":{"type":"Point","coordinates":[-73.9819778833726,40.7216605372041]},"properties":{"FID":300,"address":"236 East 2nd Street","borough":"M","gardenname":"Peach Tree Garden","juris":"DPR","status":"Active","crossstree":"Avenues B & C","ORIG_FID":298,"DataSource":"NYC Open Data - GreenThumb Garden Info"}},{"type":"Feature","id":301,"geometry":{"type":"Point","coordinates":[-73.9474760738617,40.8066598605641]},"properties":{"FID":301,"address":"116 W. 123rd Street","borough":"M","gardenname":"West 123rd Street Community Garden","juris":"DPR","status":"Active","crossstree":"Lenox & Adam Clayton Powell","ORIG_FID":299,"DataSource":"NYC Open Data - GreenThumb Garden Info"}},{"type":"Feature","id":302,"geometry":{"type":"Point","coordinates":[-73.9391213513692,40.835759226707]},"properties":{"FID":302,"address":"457 West 162nd Street","borough":"M","gardenname":"Morris Jumel Community Garden","juris":"DPR","status":"Active","crossstree":"Edgecomb & Street Nic/Amsterdam","ORIG_FID":300,"DataSource":"NYC Open Data - GreenThumb Garden Info"}},{"type":"Feature","id":303,"geometry":{"type":"Point","coordinates":[-73.9621733577142,40.799703457049]},"properties":{"FID":303,"address":"955 Columbus Avenue","borough":"M","gardenname":"Mobilization For Change Community Garden","juris":"DPR","status":"Active","crossstree":"bet. 106th & 107th Streets","ORIG_FID":301,"DataSource":"NYC Open Data - GreenThumb Garden Info"}},{"type":"Feature","id":304,"geometry":{"type":"Point","coordinates":[-73.9384428191808,40.8025783243303]},"properties":{"FID":304,"address":"2015 Lexington Avenue","borough":"M","gardenname":"Life Spire","juris":"DPR","status":"Active","crossstree":"E.122 & E.123 Streets","ORIG_FID":302,"DataSource":"NYC Open Data - GreenThumb Garden Info"}},{"type":"Feature","id":305,"geometry":{"type":"Point","coordinates":[-73.9826916213212,40.7221886074183]},"properties":{"FID":305,"address":"212 East 3rd Street","borough":"M","gardenname":"Kenkeleba Memory Garden","juris":"DPR/FDNY","status":"Active","crossstree":"Avenue B & C","ORIG_FID":303,"DataSource":"NYC Open Data - GreenThumb Garden Info"}},{"type":"Feature","id":306,"geometry":{"type":"Point","coordinates":[-73.9395214687407,40.7913559102471]},"properties":{"FID":306,"address":"335 E 108th Street","borough":"M","gardenname":"Humacao Community Garden","juris":"DPR","status":"Active","crossstree":"1st & 2nd Avenues","ORIG_FID":304,"DataSource":"NYC Open Data - GreenThumb Garden Info"}},{"type":"Feature","id":307,"geometry":{"type":"Point","coordinates":[-73.9790762082004,40.728344953357]},"properties":{"FID":307,"address":"198 Avenue B","borough":"M","gardenname":"Vamos A Sembrar","juris":"DPR","status":"Active","crossstree":"E. 12th & E. 13th Streets.","ORIG_FID":305,"DataSource":"NYC Open Data - GreenThumb Garden Info"}},{"type":"Feature","id":308,"geometry":{"type":"Point","coordinates":[-73.9560750801008,40.8044105581008]},"properties":{"FID":308,"address":"304 West 116th Street","borough":"M","gardenname":"Garden of Love","juris":"DPR","status":"Active","crossstree":"Fredrick Douglass Blvd. & Manhattan Avenue","ORIG_FID":306,"DataSource":"NYC Open Data - GreenThumb Garden Info"}},{"type":"Feature","id":309,"geometry":{"type":"Point","coordinates":[-73.9410417600691,40.8161260209992]},"properties":{"FID":309,"address":"123 West 137th Street","borough":"M","gardenname":"Elizabeth Langley Memorial Garden","juris":"DPR","status":"Active","crossstree":"Lenox & 7th Avenues","ORIG_FID":307,"DataSource":"NYC Open Data - GreenThumb Garden Info"}},{"type":"Feature","id":310,"geometry":{"type":"Point","coordinates":[-73.9795323641272,40.7285854293741]},"properties":{"FID":310,"address":"537 East 12th Street","borough":"M","gardenname":"El Sol Brillante Jr.","juris":"DPR","status":"Active","crossstree":"Avenues A & B","ORIG_FID":308,"DataSource":"NYC Open Data - GreenThumb Garden Info"}},{"type":"Feature","id":311,"geometry":{"type":"Point","coordinates":[-73.9402414614742,40.7919816081647]},"properties":{"FID":311,"address":"320 E. 109th Street","borough":"M","gardenname":"Neighbors of Vega Baja","juris":"DPR","status":"Active","crossstree":"1st & 2nd Avenues","ORIG_FID":309,"DataSource":"NYC Open Data - GreenThumb Garden Info"}},{"type":"Feature","id":312,"geometry":{"type":"Point","coordinates":[-73.9799412211104,40.7290844065202]},"properties":{"FID":312,"address":"520 East 13th Street","borough":"M","gardenname":"Dias Y Flores","juris":"DPR","status":"Active","crossstree":"Avenues A & B","ORIG_FID":310,"DataSource":"NYC Open Data - GreenThumb Garden Info"}},{"type":"Feature","id":313,"geometry":{"type":"Point","coordinates":[-73.9797390598097,40.7254519026832]},"properties":{"FID":313,"address":"313 E 8th Street","borough":"M","gardenname":"De Colores Community Yard & Cultural Center","juris":"DPR","status":"Active","crossstree":"Avenues B & C","ORIG_FID":311,"DataSource":"NYC Open Data - GreenThumb Garden Info"}},{"type":"Feature","id":314,"geometry":{"type":"Point","coordinates":[-73.9844574311655,40.720010427839]},"properties":{"FID":314,"address":"171 Stanton Street","borough":"M","gardenname":"Clinton Community Garden (LES)","juris":"DPR","status":"Active","crossstree":"At Clinton Street","ORIG_FID":312,"DataSource":"NYC Open Data - GreenThumb Garden Info"}},{"type":"Feature","id":315,"geometry":{"type":"Point","coordinates":[-73.9814679758663,40.7222849338027]},"properties":{"FID":315,"address":"237 E 3rd Street","borough":"M","gardenname":"Brisas Del Caribe","juris":"DPR","status":"Active","crossstree":"Avenues B & C","ORIG_FID":313,"DataSource":"NYC Open Data - GreenThumb Garden Info"}},{"type":"Feature","id":316,"geometry":{"type":"Point","coordinates":[-73.9393191239784,40.8276670145212]},"properties":{"FID":316,"address":"321 W 152nd Street","borough":"M","gardenname":"Bradhurst Community Garden of Love","juris":"DPR","status":"Active","crossstree":"at Bradhurst Ave.","ORIG_FID":314,"DataSource":"NYC Open Data - GreenThumb Garden Info"}},{"type":"Feature","id":317,"geometry":{"type":"Point","coordinates":[-73.9803568095191,40.7224938031466]},"properties":{"FID":317,"address":"293 East 4th Street","borough":"M","gardenname":"Secret Garden","juris":"DPR","status":"Active","crossstree":"At Avenue C","ORIG_FID":315,"DataSource":"NYC Open Data - GreenThumb Garden Info"}},{"type":"Feature","id":318,"geometry":{"type":"Point","coordinates":[-73.9405555730812,40.7988190313732]},"properties":{"FID":318,"address":"172 East 117th Street","borough":"M","gardenname":"117th Street Community Garden","juris":"DPR","status":"Active","crossstree":"3rd & Lexington Avenues","ORIG_FID":316,"DataSource":"NYC Open Data - GreenThumb Garden Info"}},{"type":"Feature","id":319,"geometry":{"type":"Point","coordinates":[-73.9406127222992,40.7988376545342]},"properties":{"FID":319,"address":"170 East 117th Street","borough":"M","gardenname":"Corozal Family","juris":"DPR","status":"Active","crossstree":"Lexington & 3rd Avenues","ORIG_FID":317,"DataSource":"NYC Open Data - GreenThumb Garden Info"}},{"type":"Feature","id":320,"geometry":{"type":"Point","coordinates":[-73.9437824637897,40.7951200613418]},"properties":{"FID":320,"address":"156 East 111th Street","borough":"M","gardenname":"Family Community Garden Manhattan","juris":"DPR","status":"Inactive (Group Forming)","crossstree":"3rd & Lexington Avenues","ORIG_FID":318,"DataSource":"NYC Open Data - GreenThumb Garden Info"}},{"type":"Feature","id":321,"geometry":{"type":"Point","coordinates":[-73.981413665808,40.7225671176784]},"properties":{"FID":321,"address":"272 East 4th Street","borough":"M","gardenname":"Garden of the Humanitarians","juris":"DPR","status":"Active","crossstree":"Avenues B & C","ORIG_FID":319,"DataSource":"NYC Open Data - GreenThumb Garden Info"}},{"type":"Feature","id":322,"geometry":{"type":"Point","coordinates":[-73.9515633531662,40.8114308287698]},"properties":{"FID":322,"address":"325 West 126th Street","borough":"M","gardenname":"William B. Washington Memorial Garden","juris":"DPR","status":"Active","crossstree":"Street Nicholas & Frederick Douglass Avenues","ORIG_FID":320,"DataSource":"NYC Open Data - GreenThumb Garden Info"}},{"type":"Feature","id":323,"geometry":{"type":"Point","coordinates":[-73.9492378394547,40.7888075616197]},"properties":{"FID":323,"address":"1574 Lexington Avenue","borough":"M","gardenname":"Maggie's Magic Garden","juris":"DPR","status":"Active","crossstree":"E. 101 St & E. 100th St.","ORIG_FID":321,"DataSource":"NYC Open Data - GreenThumb Garden Info"}},{"type":"Feature","id":324,"geometry":{"type":"Point","coordinates":[-73.9918991241452,40.7241615976796]},"properties":{"FID":324,"address":"110 E Houston Street","borough":"M","gardenname":"Liz Christy Garden","juris":"DPR","status":"Active","crossstree":"The Bowery & 2nd Avenue","ORIG_FID":322,"DataSource":"NYC Open Data - GreenThumb Garden Info"}},{"type":"Feature","id":325,"geometry":{"type":"Point","coordinates":[-73.9786999741245,40.7250579636541]},"properties":{"FID":325,"address":"339 East 8th Street","borough":"M","gardenname":"La Casita Garden","juris":"DPR","status":"Active","crossstree":"Ave. B and Ave. C","ORIG_FID":323,"DataSource":"NYC Open Data - GreenThumb Garden Info"}},{"type":"Feature","id":326,"geometry":{"type":"Point","coordinates":[-73.97844626908,40.7250823298856]},"properties":{"FID":326,"address":"135 Avenue C","borough":"M","gardenname":"Flower Door Garden","juris":"DPR","status":"Active","crossstree":"8th and 9th St.","ORIG_FID":324,"DataSource":"NYC Open Data - GreenThumb Garden Info"}},{"type":"Feature","id":327,"geometry":{"type":"Point","coordinates":[-73.9786689879834,40.7253487900147]},"properties":{"FID":327,"address":"674 East 9th Street","borough":"M","gardenname":"La Plaza Cultural-Armando Perez","juris":"DPR","status":"Active","crossstree":"At Avenue C","ORIG_FID":325,"DataSource":"NYC Open Data - GreenThumb Garden Info"}},{"type":"Feature","id":328,"geometry":{"type":"Point","coordinates":[-73.97891944018,40.725149868072]},"properties":{"FID":328,"address":"333 East 8th Street","borough":"M","gardenname":"Earth People","juris":"DPR","status":"Active","crossstree":"Avenues B & C","ORIG_FID":326,"DataSource":"NYC Open Data - GreenThumb Garden Info"}},{"type":"Feature","id":329,"geometry":{"type":"Point","coordinates":[-73.9363587203786,40.7978627174905]},"properties":{"FID":329,"address":"308 East 118th Street","borough":"M","gardenname":"Diamante Garden / Dimantis Garden","juris":"DPR","status":"Active","crossstree":"1st & 2nd Avenues","ORIG_FID":327,"DataSource":"NYC Open Data - GreenThumb Garden Info"}},{"type":"Feature","id":330,"geometry":{"type":"Point","coordinates":[-73.942123447539,40.8297181666601]},"properties":{"FID":330,"address":"869 St Nicholas Ave","borough":"M","gardenname":"William A. Harris Garden","juris":"DPR","status":"Active","crossstree":"153rd St.","ORIG_FID":328,"DataSource":"NYC Open Data - GreenThumb Garden Info"}},{"type":"Feature","id":331,"geometry":{"type":"Point","coordinates":[-73.9832348334208,40.7293806494974]},"properties":{"FID":331,"address":"415 East 11th Street","borough":"M","gardenname":"East Side Outside Community Garden","juris":"JOP","status":"Active","crossstree":"1st Avenue & Avenue A","ORIG_FID":329,"DataSource":"NYC Open Data - GreenThumb Garden Info"}},{"type":"Feature","id":332,"geometry":{"type":"Point","coordinates":[-73.9595799170795,40.8084377959676]},"properties":{"FID":332,"address":"1195 Amsterdam Ave","borough":"M","gardenname":"Gatehouse Garden","juris":"DPR","status":"Active","crossstree":"118th and 119th St.","ORIG_FID":330,"DataSource":"NYC Open Data - GreenThumb Garden Info"}},{"type":"Feature","id":333,"geometry":{"type":"Point","coordinates":[-73.942075435433,40.8265560010586]},"properties":{"FID":333,"address":"339 Edgecombe Avenue","borough":"M","gardenname":"Edgecombe Avenue Garden Park Sanctuary","juris":"DPR","status":"Active","crossstree":"W. 145th & W. 150th Streets.","ORIG_FID":331,"DataSource":"NYC Open Data - GreenThumb Garden Info"}},{"type":"Feature","id":334,"geometry":{"type":"Point","coordinates":[-73.9422889695603,40.8262727065202]},"properties":{"FID":334,"address":"333 Edgecombe Avenue","borough":"M","gardenname":"Sugar Hill Garden","juris":"DPR","status":"Active","crossstree":"145 & 150th Street","ORIG_FID":332,"DataSource":"NYC Open Data - GreenThumb Garden Info"}},{"type":"Feature","id":335,"geometry":{"type":"Point","coordinates":[-73.9498829123665,40.824246275845]},"properties":{"FID":335,"address":"506 West 143rd Street","borough":"M","gardenname":"Frank White Memorial Garden","juris":"DPR/PRI","status":"Active","crossstree":"Hamilton Pl. & Broadway","ORIG_FID":333,"DataSource":"NYC Open Data - GreenThumb Garden Info"}},{"type":"Feature","id":336,"geometry":{"type":"Point","coordinates":[-73.9429068217923,40.8097530841376]},"properties":{"FID":336,"address":"52 W 129th Street","borough":"M","gardenname":"Edward P. Bowman Park","juris":"DPR","status":"Active","crossstree":"5th Ave & Lenox","ORIG_FID":334,"DataSource":"NYC Open Data - GreenThumb Garden Info"}},{"type":"Feature","id":337,"geometry":{"type":"Point","coordinates":[-73.9825875976395,40.724650966469]},"properties":{"FID":337,"address":"530 East 6th Street","borough":"M","gardenname":"Creative Little Garden","juris":"DPR","status":"Active","crossstree":"Avenues A & B","ORIG_FID":335,"DataSource":"NYC Open Data - GreenThumb Garden Info"}},{"type":"Feature","id":338,"geometry":{"type":"Point","coordinates":[-73.9835276967458,40.7226526198226]},"properties":{"FID":338,"address":"194 East 3rd Street","borough":"M","gardenname":"Miracle Garden","juris":"DPR","status":"Active","crossstree":"Avenues A & B","ORIG_FID":336,"DataSource":"NYC Open Data - GreenThumb Garden Info"}},{"type":"Feature","id":339,"geometry":{"type":"Point","coordinates":[-73.9806737836681,40.7238439724214]},"properties":{"FID":339,"address":"624 East 6th Street","borough":"M","gardenname":"6BC Botanical Garden","juris":"DPR","status":"Active","crossstree":"Avenues B & C","ORIG_FID":337,"DataSource":"NYC Open Data - GreenThumb Garden Info"}},{"type":"Feature","id":340,"geometry":{"type":"Point","coordinates":[-73.9808579081659,40.723610583062]},"properties":{"FID":340,"address":"626-27 East 5th Street","borough":"M","gardenname":"Fifth Street Slope Garden","juris":"DPR","status":"Active","crossstree":"West of Avenue C (dead end street)","ORIG_FID":338,"DataSource":"NYC Open Data - GreenThumb Garden Info"}},{"type":"Feature","id":341,"geometry":{"type":"Point","coordinates":[-73.9774666339779,40.7253757121194]},"properties":{"FID":341,"address":"703 East 9th Street","borough":"M","gardenname":"Francisco “Pancho” Ramos Community Garden","juris":"DPR","status":"Active","crossstree":"At Avenue C","ORIG_FID":339,"DataSource":"NYC Open Data - GreenThumb Garden Info"}},{"type":"Feature","id":342,"geometry":{"type":"Point","coordinates":[-73.977344374743,40.7240008312734]},"properties":{"FID":342,"address":"372 East 8th Street","borough":"M","gardenname":"Green Oasis Community Garden / Gilbert's Garden","juris":"DPR","status":"Active","crossstree":"Avenues C & D","ORIG_FID":340,"DataSource":"NYC Open Data - GreenThumb Garden Info"}},{"type":"Feature","id":343,"geometry":{"type":"Point","coordinates":[-73.9779680914542,40.724260390005]},"properties":{"FID":343,"address":"360 East 8th Street","borough":"M","gardenname":"Firemen's Memorial Garden","juris":"DPR","status":"Active","crossstree":"Avenues C & D","ORIG_FID":341,"DataSource":"NYC Open Data - GreenThumb Garden Info"}},{"type":"Feature","id":344,"geometry":{"type":"Point","coordinates":[-73.9709234896273,40.787095123841]},"properties":{"FID":344,"address":"55 West 87th Street","borough":"M","gardenname":"West 87th Street Park & Garden","juris":"DPR","status":"Active","crossstree":"CPW & Columbus","ORIG_FID":342,"DataSource":"NYC Open Data - GreenThumb Garden Info"}},{"type":"Feature","id":345,"geometry":{"type":"Point","coordinates":[-73.9620812059828,40.7969534210636]},"properties":{"FID":345,"address":"8 West 104th Street","borough":"M","gardenname":"West 104th Street Garden","juris":"DPR","status":"Active","crossstree":"Central Park West & Manhattan Avenue","ORIG_FID":343,"DataSource":"NYC Open Data - GreenThumb Garden Info"}},{"type":"Feature","id":346,"geometry":{"type":"Point","coordinates":[-73.9410600882524,40.8085434123486]},"properties":{"FID":346,"address":"2078 5th Avenue","borough":"M","gardenname":"Collyer Brothers Park Garden","juris":"DPR","status":"Inactive (Group Forming)","crossstree":"128th Street","ORIG_FID":344,"DataSource":"NYC Open Data - GreenThumb Garden Info"}},{"type":"Feature","id":347,"geometry":{"type":"Point","coordinates":[-73.9316054957969,40.7965714987757]},"properties":{"FID":347,"address":"342 Pleasant Avenue (502 E 119th Street)","borough":"M","gardenname":"Pleasant Village Community Garden","juris":"DPR","status":"Active","crossstree":"E. 118th & E. 119th Streets.","ORIG_FID":345,"DataSource":"NYC Open Data - GreenThumb Garden Info"}},{"type":"Feature","id":348,"geometry":{"type":"Point","coordinates":[-73.9426579748856,40.8093434969049]},"properties":{"FID":348,"address":"55 West 128th Street","borough":"M","gardenname":"Unity Park","juris":"DPR","status":"Active","crossstree":"5th Ave. & Lenox Ave.","ORIG_FID":346,"DataSource":"NYC Open Data - GreenThumb Garden Info"}},{"type":"Feature","id":349,"geometry":{"type":"Point","coordinates":[-73.9428134083121,40.8138097109494]},"properties":{"FID":349,"address":"116 West 134th Street","borough":"M","gardenname":"Harlem Grows 134th Street Farm","juris":"DPR","status":"Active","crossstree":"Lenox Avenue & Adam Clayton Powell Blvd.","ORIG_FID":347,"DataSource":"NYC Open Data - GreenThumb Garden Info"}},{"type":"Feature","id":350,"geometry":{"type":"Point","coordinates":[-73.9434406188894,40.8137552012416]},"properties":{"FID":350,"address":"155 West 133rd Street","borough":"M","gardenname":"133rd Swing Street Garden","juris":"DPR","status":"Active","crossstree":"Lenox & 7th Avenue","ORIG_FID":348,"DataSource":"NYC Open Data - GreenThumb Garden Info"}},{"type":"Feature","id":351,"geometry":{"type":"Point","coordinates":[-73.9431451313427,40.8123173075977]},"properties":{"FID":351,"address":"108 West 132nd Street","borough":"M","gardenname":"West 132nd Street Garden","juris":"DPR","status":"Active","crossstree":"Lenox / Adam Clayton Powell, Jr. Blvd.","ORIG_FID":349,"DataSource":"NYC Open Data - GreenThumb Garden Info"}},{"type":"Feature","id":352,"geometry":{"type":"Point","coordinates":[-73.9820792423631,40.7243266052886]},"properties":{"FID":352,"address":"84 Avenue B","borough":"M","gardenname":"6th Street & Avenue B Garden","juris":"DPR","status":"Active","crossstree":"At E. 6th Street","ORIG_FID":350,"DataSource":"NYC Open Data - GreenThumb Garden Info"}},{"type":"Feature","id":353,"geometry":{"type":"Point","coordinates":[-74.001351413437,40.7090648646519]},"properties":{"FID":353,"address":"340 Pearl Street","borough":"M","gardenname":"Fishbridge Park Garden","juris":"DPR","status":"Active","crossstree":"Dover Between Pearl & Warren","ORIG_FID":351,"DataSource":"NYC Open Data - GreenThumb Garden Info"}},{"type":"Feature","id":354,"geometry":{"type":"Point","coordinates":[-73.9426777419841,40.8283389438872]},"properties":{"FID":354,"address":"481 WEST 151 STREET","borough":"M","gardenname":"Convent Garden","juris":"DPR","status":"Inactive (No Group)","crossstree":" ","ORIG_FID":352,"DataSource":"NYC Open Data - GreenThumb Garden Info"}},{"type":"Feature","id":355,"geometry":{"type":"Point","coordinates":[-73.9917332441938,40.7627781104215]},"properties":{"FID":355,"address":"436 West 48th Street","borough":"M","gardenname":"Clinton Community Garden","juris":"DPR","status":"Active","crossstree":"9th & 10th Avenues","ORIG_FID":353,"DataSource":"NYC Open Data - GreenThumb Garden Info"}},{"type":"Feature","id":356,"geometry":{"type":"Point","coordinates":[-73.9993946811196,40.7345033947159]},"properties":{"FID":356,"address":"421 AVENUE OF THE AMER","borough":"M","gardenname":"Jefferson Market Garden","juris":"DPR","status":"Not GreenThumb","crossstree":" ","ORIG_FID":354,"DataSource":"NYC Open Data - GreenThumb Garden Info"}},{"type":"Feature","id":357,"geometry":{"type":"Point","coordinates":[-73.9792085722178,40.7223067045908]},"properties":{"FID":357,"address":"710 East 5th Street","borough":"M","gardenname":"El Jardin del Paraiso","juris":"DPR","status":"Active","crossstree":"Avenues C & D","ORIG_FID":355,"DataSource":"NYC Open Data - GreenThumb Garden Info"}},{"type":"Feature","id":358,"geometry":{"type":"Point","coordinates":[-73.9280066185106,40.8658163798221]},"properties":{"FID":358,"address":"236 Dyckman Street","borough":"M","gardenname":"RING - Riverside Inwood Neighborhood Garden","juris":"DPR","status":"Active","crossstree":"Riverside Drive, Dyckman, Broadway, Seaman","ORIG_FID":356,"DataSource":"NYC Open Data - GreenThumb Garden Info"}},{"type":"Feature","id":359,"geometry":{"type":"Point","coordinates":[-73.9792631817504,40.7280942340617]},"properties":{"FID":359,"address":"546 East 12th Street","borough":"M","gardenname":"Down to Earth Garden","juris":"DPR","status":"Active","crossstree":"At 12th Street","ORIG_FID":357,"DataSource":"NYC Open Data - GreenThumb Garden Info"}},{"type":"Feature","id":360,"geometry":{"type":"Point","coordinates":[-73.9929970102038,40.7189079912109]},"properties":{"FID":360,"address":"106 CHRYSTIE STREET","borough":"M","gardenname":"Forsyth Garden Conservancy","juris":"DPR","status":"Not GreenThumb","crossstree":"in Sarah D. Roosevelt Park","ORIG_FID":358,"DataSource":"NYC Open Data - GreenThumb Garden Info"}},{"type":"Feature","id":361,"geometry":{"type":"Point","coordinates":[-73.9920004507601,40.7208580253776]},"properties":{"FID":361,"address":"165 Forsyth Street","borough":"M","gardenname":"M'finda Kalunga Garden","juris":"DPR","status":"Active","crossstree":"Christie & Delancy","ORIG_FID":359,"DataSource":"NYC Open Data - GreenThumb Garden Info"}},{"type":"Feature","id":362,"geometry":{"type":"Point","coordinates":[-73.9559728811435,40.8234820931241]},"properties":{"FID":362,"address":"699 W 138th Street","borough":"M","gardenname":"Jenny's Garden","juris":"DPR","status":"Active","crossstree":"At 12th Avenue","ORIG_FID":360,"DataSource":"NYC Open Data - GreenThumb Garden Info"}},{"type":"Feature","id":363,"geometry":{"type":"Point","coordinates":[-73.9787833511707,40.7932263481175]},"properties":{"FID":363,"address":"191 Riverside Drive","borough":"M","gardenname":"Garden People","juris":"DPR","status":"Not GreenThumb","crossstree":"Mid-level of Riverside Park at West 91st St.","ORIG_FID":361,"DataSource":"NYC Open Data - GreenThumb Garden Info"}},{"type":"Feature","id":364,"geometry":{"type":"Point","coordinates":[-73.9555472536028,40.8104930696995]},"properties":{"FID":364,"address":"425 West 123rd Street","borough":"M","gardenname":"Harlem Grows P.S. 125 Community Garden","juris":"JOP","status":"Active","crossstree":"Morningside Ave. and Amsterdam Ave.","ORIG_FID":362,"DataSource":"NYC Open Data - GreenThumb Garden Info"}},{"type":"Feature","id":365,"geometry":{"type":"Point","coordinates":[-73.9831150518182,40.682245554189]},"properties":{"FID":365,"address":"130 3rd Ave, Brooklyn, NY 11217","borough":"B","gardenname":"All is Well Community Garden - Wyckoff Houses (NYCHA)","juris":"NYCHA","status":"Active","crossstree":" ","ORIG_FID":363,"DataSource":"NYC Open Data - GreenThumb Garden Info"}},{"type":"Feature","id":366,"geometry":{"type":"Point","coordinates":[-73.8950033178488,40.6538346973135]},"properties":{"FID":366,"address":"894 William Avenue Brooklyn NY 11207","borough":"B","gardenname":"Breukelen's Morning Glory Houses (NYCHA)","juris":"NYCHA","status":"Closed (Construction)","crossstree":" ","ORIG_FID":364,"DataSource":"NYC Open Data - GreenThumb Garden Info"}},{"type":"Feature","id":367,"geometry":{"type":"Point","coordinates":[-73.941524369554,40.7030420248696]},"properties":{"FID":367,"address":"50 Humbold street Brooklyn NY 11206","borough":"B","gardenname":"Bushwick Garden- Bushwick Houses (NYCHA)","juris":"NYCHA","status":"Active","crossstree":" ","ORIG_FID":365,"DataSource":"NYC Open Data - GreenThumb Garden Info"}},{"type":"Feature","id":368,"geometry":{"type":"Point","coordinates":[-73.9116283785468,40.6789414620788]},"properties":{"FID":368,"address":"45 Somers","borough":"B","gardenname":"45 Somers Street Community Garden","juris":"DPR","status":"Active","crossstree":" ","ORIG_FID":366,"DataSource":"NYC Open Data - GreenThumb Garden Info"}},{"type":"Feature","id":369,"geometry":{"type":"Point","coordinates":[-73.9959710241434,40.6790051646567]},"properties":{"FID":369,"address":"134 2nd Place","borough":"B","gardenname":"Transit Garden","juris":"BQLT","status":"Not GreenThumb","crossstree":"Smith Street and Court Street","ORIG_FID":367,"DataSource":"NYC Open Data - GreenThumb Garden Info"}},{"type":"Feature","id":370,"geometry":{"type":"Point","coordinates":[-73.9767865351704,40.6868220583913]},"properties":{"FID":370,"address":"48 Lafayette Avenue","borough":"B","gardenname":"MoCADA Ubuntu Garden","juris":"PRI","status":"Active","crossstree":"Fort Greene Pl","ORIG_FID":368,"DataSource":"NYC Open Data - GreenThumb Garden Info"}},{"type":"Feature","id":371,"geometry":{"type":"Point","coordinates":[-73.9310401504825,40.688246664552]},"properties":{"FID":371,"address":"835 Gates Ave Brooklyn NY 11221","borough":"B","gardenname":"Stuyvesant Garden - Stuyvesant Houses (NYCHA)","juris":"NYCHA","status":"Not GreenThumb","crossstree":"Malcom X Blvd & Gates Avenue","ORIG_FID":369,"DataSource":"NYC Open Data - GreenThumb Garden Info"}},{"type":"Feature","id":372,"geometry":{"type":"Point","coordinates":[-73.9691487189382,40.6329553289253]},"properties":{"FID":372,"address":"736 East 8th Street","borough":"B","gardenname":"Newkirk Community Garden","juris":"PRI","status":"Active","crossstree":"Newkirk Avenue","ORIG_FID":370,"DataSource":"NYC Open Data - GreenThumb Garden Info"}},{"type":"Feature","id":373,"geometry":{"type":"Point","coordinates":[-73.9808181851111,40.7008131541038]},"properties":{"FID":373,"address":"228 York Street, Brooklyn, NY 11201","borough":"B","gardenname":"Pulse Garden - Farragut Houses (NYCHA)","juris":"NYCHA","status":"Active","crossstree":"York Street & Hudson Ave","ORIG_FID":371,"DataSource":"NYC Open Data - GreenThumb Garden Info"}},{"type":"Feature","id":374,"geometry":{"type":"Point","coordinates":[-73.9236768909757,40.6989516851722]},"properties":{"FID":374,"address":"143 Stockholm St","borough":"B","gardenname":"Stockholm Street Garden","juris":"NYPD (DPR)","status":"Active","crossstree":"Myrtle Avenue & Wilson Avenue","ORIG_FID":372,"DataSource":"NYC Open Data - GreenThumb Garden Info"}},{"type":"Feature","id":375,"geometry":{"type":"Point","coordinates":[-74.0017609610994,40.6547995736415]},"properties":{"FID":375,"address":"219 34th St. Brooklyn, NY 11232","borough":"B","gardenname":"Los Colibries Community Garden","juris":"PRI","status":"Not GreenThumb","crossstree":" ","ORIG_FID":373,"DataSource":"NYC Open Data - GreenThumb Garden Info"}},{"type":"Feature","id":376,"geometry":{"type":"Point","coordinates":[-73.9866536133735,40.6845940374849]},"properties":{"FID":376,"address":"166 Bond Street","borough":"B","gardenname":"Wyckoff Bond Garden","juris":"PRI","status":"Not GreenThumb","crossstree":" ","ORIG_FID":374,"DataSource":"NYC Open Data - GreenThumb Garden Info"}},{"type":"Feature","id":377,"geometry":{"type":"Point","coordinates":[-73.9381457461292,40.5942775894392]},"properties":{"FID":377,"address":"2985 Avenue X Brooklyn NY 11229","borough":"B","gardenname":"The Sunlight Garden - Sheepshead Nostrand Houses (NYCHA)","juris":"NYCHA","status":"Active","crossstree":"Avenue X & Batchelder street","ORIG_FID":375,"DataSource":"NYC Open Data - GreenThumb Garden Info"}},{"type":"Feature","id":378,"geometry":{"type":"Point","coordinates":[-73.9408086890697,40.698411361695]},"properties":{"FID":378,"address":"862 Park Avenue Brooklyn NY 11206","borough":"B","gardenname":"Love Garden - Sumner Houses (NYCHA)","juris":"NYCHA","status":"Active","crossstree":"Park Avenue & Marcus Garvey Blvd","ORIG_FID":376,"DataSource":"NYC Open Data - GreenThumb Garden Info"}},{"type":"Feature","id":379,"geometry":{"type":"Point","coordinates":[-73.9812708489704,40.6938072312188]},"properties":{"FID":379,"address":"201 Myrtle Avenue Brooklyn NY 11201","borough":"B","gardenname":"Garden of Eden - Ingersoll Houses (NYCHA)","juris":"NYCHA","status":"Active","crossstree":"Myrtle Ave & Ashand Place","ORIG_FID":377,"DataSource":"NYC Open Data - GreenThumb Garden Info"}},{"type":"Feature","id":380,"geometry":{"type":"Point","coordinates":[-73.9403340179006,40.7041316425613]},"properties":{"FID":380,"address":"131 Moore street","borough":"B","gardenname":"Hylan Garden - Hylan Houses (NYCHA)","juris":"NYCHA","status":"Not GreenThumb","crossstree":" ","ORIG_FID":378,"DataSource":"NYC Open Data - GreenThumb Garden Info"}},{"type":"Feature","id":381,"geometry":{"type":"Point","coordinates":[-73.865215150159,40.6671255359148]},"properties":{"FID":381,"address":"1258 Loring Avenue","borough":"B","gardenname":"Pink's Paradise Garden of Love - Pink Houses","juris":"NYCHA","status":"Active","crossstree":"Loring Avenue & Autumn Avenue","ORIG_FID":379,"DataSource":"NYC Open Data - GreenThumb Garden Info"}},{"type":"Feature","id":382,"geometry":{"type":"Point","coordinates":[-73.9368847940979,40.6935877201972]},"properties":{"FID":382,"address":"109 Lewis Avenue Brooklyn NY 11206","borough":"B","gardenname":"Senior Garden - Roosevelt Houses (NYCHA )","juris":"NYCHA","status":"Active","crossstree":"Lewis Avenue & Dekalb Avenue","ORIG_FID":380,"DataSource":"NYC Open Data - GreenThumb Garden Info"}},{"type":"Feature","id":383,"geometry":{"type":"Point","coordinates":[-73.9458719216518,40.6959900755816]},"properties":{"FID":383,"address":"911 Myrtle Avenue Brooklyn NY 11206","borough":"B","gardenname":"Senior Retreat Garden -Tompkins Houses (NYCHA)","juris":"NYCHA","status":"Active","crossstree":"Tompkins Avenue & Stockton Street","ORIG_FID":381,"DataSource":"NYC Open Data - GreenThumb Garden Info"}},{"type":"Feature","id":384,"geometry":{"type":"Point","coordinates":[-73.9094907242175,40.6779608350246]},"properties":{"FID":384,"address":"2176 FULTON STREET","borough":"B","gardenname":"Oak Grove Pentecostal Holiness Church","juris":"PRI","status":"Not GreenThumb","crossstree":" ","ORIG_FID":382,"DataSource":"NYC Open Data - GreenThumb Garden Info"}},{"type":"Feature","id":385,"geometry":{"type":"Point","coordinates":[-73.9100833585601,40.6644207834924]},"properties":{"FID":385,"address":"251 CHESTER STREET","borough":"B","gardenname":"Marcus Garvey Farm","juris":"PRI","status":"Not GreenThumb","crossstree":"Blake Ave. and Dumont Ave.","ORIG_FID":383,"DataSource":"NYC Open Data - GreenThumb Garden Info"}},{"type":"Feature","id":386,"geometry":{"type":"Point","coordinates":[-73.8743279633648,40.6675247233873]},"properties":{"FID":386,"address":"479 Milford Street","borough":"B","gardenname":"Go Vertical","juris":"PRI","status":"Active","crossstree":"Dumont Ave & Hegeman Ave","ORIG_FID":384,"DataSource":"NYC Open Data - GreenThumb Garden Info"}},{"type":"Feature","id":387,"geometry":{"type":"Point","coordinates":[-73.9328771155864,40.6230461138871]},"properties":{"FID":387,"address":"4402 Ave. L","borough":"B","gardenname":"Serenity Community Garden","juris":"BQLT","status":"Active","crossstree":"Troy Ave. & Flatlands","ORIG_FID":385,"DataSource":"NYC Open Data - GreenThumb Garden Info"}},{"type":"Feature","id":388,"geometry":{"type":"Point","coordinates":[-73.9765885755023,40.6542259500676]},"properties":{"FID":388,"address":"1194 Prospect Avenue","borough":"B","gardenname":"Prospect Farm","juris":"PRI","status":"Active","crossstree":"Terrace Place and Vanderbilt Street","ORIG_FID":386,"DataSource":"NYC Open Data - GreenThumb Garden Info"}},{"type":"Feature","id":389,"geometry":{"type":"Point","coordinates":[-73.8637466435927,40.677906010554]},"properties":{"FID":389,"address":"215 Forbell Street","borough":"B","gardenname":"BACDYS Garden (Bangladeshi American Development and Youth Services)","juris":"MTA","status":"Active","crossstree":"corner of Glenmore Ave.","ORIG_FID":387,"DataSource":"NYC Open Data - GreenThumb Garden Info"}},{"type":"Feature","id":390,"geometry":{"type":"Point","coordinates":[-73.9633000400648,40.6495911437163]},"properties":{"FID":390,"address":"69 East 18th Street","borough":"B","gardenname":"Q Gardens Community Farm","juris":"MTA/BQLT","status":"Active","crossstree":"between Church Ave. and Caton Ave.","ORIG_FID":388,"DataSource":"NYC Open Data - GreenThumb Garden Info"}},{"type":"Feature","id":391,"geometry":{"type":"Point","coordinates":[-73.9050573705012,40.6835453695232]},"properties":{"FID":391,"address":"91 Aberdeen Street","borough":"B","gardenname":"Aberdeen Street Community Garden","juris":"NYRP","status":"Active","crossstree":"Bushwick Ave. and deadend of Aberdeen St.","ORIG_FID":389,"DataSource":"NYC Open Data - GreenThumb Garden Info"}},{"type":"Feature","id":392,"geometry":{"type":"Point","coordinates":[-73.8755714901321,40.6461818947787]},"properties":{"FID":392,"address":"11329 Seaview Avenue","borough":"B","gardenname":"Ying & Yang","juris":"DEP","status":"Active","crossstree":"Van Siclen Ave.","ORIG_FID":390,"DataSource":"NYC Open Data - GreenThumb Garden Info"}},{"type":"Feature","id":393,"geometry":{"type":"Point","coordinates":[-73.9587553143062,40.6935572538642]},"properties":{"FID":393,"address":"636 Myrtle Avenue","borough":"B","gardenname":"Myrtle Village Green","juris":"DEP (DPR)","status":"Active","crossstree":"Kent Ave. and Franklin Ave.","ORIG_FID":391,"DataSource":"NYC Open Data - GreenThumb Garden Info"}},{"type":"Feature","id":394,"geometry":{"type":"Point","coordinates":[-73.8884941408919,40.6685337222535]},"properties":{"FID":394,"address":"532 Hendrix Street","borough":"B","gardenname":"Hendrix Street Block Association Garden","juris":"NYRP","status":"Active","crossstree":"Blake & Dumont Avenues","ORIG_FID":392,"DataSource":"NYC Open Data - GreenThumb Garden Info"}},{"type":"Feature","id":395,"geometry":{"type":"Point","coordinates":[-73.9059567617951,40.6816715744836]},"properties":{"FID":395,"address":"36 Aberdeen Street","borough":"B","gardenname":"Infant Jesus Community Garden","juris":"NYRP","status":"Active","crossstree":"Bushwick Avenue & Broadway","ORIG_FID":393,"DataSource":"NYC Open Data - GreenThumb Garden Info"}},{"type":"Feature","id":396,"geometry":{"type":"Point","coordinates":[-73.9369932325516,40.6977501027851]},"properties":{"FID":396,"address":"900 Broadway","borough":"B","gardenname":"Miraflores Community Garden","juris":"NYRP","status":"Active","crossstree":"between Stockton St & Arion Pl","ORIG_FID":394,"DataSource":"NYC Open Data - GreenThumb Garden Info"}},{"type":"Feature","id":397,"geometry":{"type":"Point","coordinates":[-73.9117438838731,40.6796765984963]},"properties":{"FID":397,"address":"145 Hull Street","borough":"B","gardenname":"Hull Street Community Garden (NYRP)","juris":"NYRP","status":"Active","crossstree":"Hopkinson & Rockaway Avenues","ORIG_FID":395,"DataSource":"NYC Open Data - GreenThumb Garden Info"}},{"type":"Feature","id":398,"geometry":{"type":"Point","coordinates":[-73.9515624223679,40.6779739003753]},"properties":{"FID":398,"address":"1233 Pacific Street","borough":"B","gardenname":"Westbrook Memorial Garden","juris":"BQLT","status":"Active","crossstree":"Bedford & Nostrand Avenues","ORIG_FID":396,"DataSource":"NYC Open Data - GreenThumb Garden Info"}},{"type":"Feature","id":399,"geometry":{"type":"Point","coordinates":[-73.9793338261951,40.6811420563608]},"properties":{"FID":399,"address":"623 Warren Street","borough":"B","gardenname":"Warren-St.Marks Community Garden","juris":"BANG","status":"Active","crossstree":"b/w 4th & 5th avenue","ORIG_FID":397,"DataSource":"NYC Open Data - GreenThumb Garden Info"}},{"type":"Feature","id":400,"geometry":{"type":"Point","coordinates":[-73.9501635278245,40.6798949188155]},"properties":{"FID":400,"address":"97 Herkimer Street","borough":"B","gardenname":"United Herkimer Garden Club","juris":"BQLT","status":"Active","crossstree":"Nostrand & Bedford Avenue","ORIG_FID":398,"DataSource":"NYC Open Data - GreenThumb Garden Info"}},{"type":"Feature","id":401,"geometry":{"type":"Point","coordinates":[-73.9553334910477,40.6920922195803]},"properties":{"FID":401,"address":"931 Bedford Avenue","borough":"B","gardenname":"Target Brooklyn (Bedford Avenue Block Association)","juris":"NYRP","status":"Active","crossstree":"Willoughby and Dekalb Ave.","ORIG_FID":399,"DataSource":"NYC Open Data - GreenThumb Garden Info"}},{"type":"Feature","id":402,"geometry":{"type":"Point","coordinates":[-73.9874055859989,40.6643853367139]},"properties":{"FID":402,"address":"274 15th Street","borough":"B","gardenname":"6/15 Green Community Garden","juris":"BANG","status":"Active","crossstree":"6th Avenue and 5th Avenue","ORIG_FID":401,"DataSource":"NYC Open Data - GreenThumb Garden Info"}},{"type":"Feature","id":403,"geometry":{"type":"Point","coordinates":[-73.8929646743802,40.6606732941373]},"properties":{"FID":403,"address":"673 Sheffield Avenue","borough":"B","gardenname":"Sheffield Garden","juris":"BQLT","status":"Active","crossstree":"btw New Lots Ave. and Hegeman Ave.","ORIG_FID":402,"DataSource":"NYC Open Data - GreenThumb Garden Info"}},{"type":"Feature","id":404,"geometry":{"type":"Point","coordinates":[-73.9525156713611,40.647000940641]},"properties":{"FID":404,"address":"2601 Tilden Avenue.","borough":"B","gardenname":"Rogers/Tilden/Veronica Place Garden","juris":"BQLT","status":"Active","crossstree":"btw Rogers Ave. and Veronica Place","ORIG_FID":403,"DataSource":"NYC Open Data - GreenThumb Garden Info"}},{"type":"Feature","id":405,"geometry":{"type":"Point","coordinates":[-73.9230259868598,40.6698724998161]},"properties":{"FID":405,"address":"1654 St. John's Place","borough":"B","gardenname":"Ralph-Lincoln Service Center Garden","juris":"BQLT","status":"Active","crossstree":"btw Ralph Ave. and Lincoln Place","ORIG_FID":404,"DataSource":"NYC Open Data - GreenThumb Garden Info"}},{"type":"Feature","id":406,"geometry":{"type":"Point","coordinates":[-73.9676526571444,40.6780758843946]},"properties":{"FID":406,"address":"252-256 St. Marks Avenue","borough":"B","gardenname":"Prospect Heights Community Farm","juris":"BANG","status":"Active","crossstree":"Underhill & Vanderbilt Avenues","ORIG_FID":405,"DataSource":"NYC Open Data - GreenThumb Garden Info"}},{"type":"Feature","id":407,"geometry":{"type":"Point","coordinates":[-73.9255835130687,40.6917885850752]},"properties":{"FID":407,"address":"1237 Greene Avenue,","borough":"B","gardenname":"The People's Garden","juris":"BQLT","status":"Active","crossstree":"Van Buren Street & Bushwick Avenue","ORIG_FID":406,"DataSource":"NYC Open Data - GreenThumb Garden Info"}},{"type":"Feature","id":408,"geometry":{"type":"Point","coordinates":[-73.9573437887848,40.7158891892347]},"properties":{"FID":408,"address":"599 Driggs Avenue","borough":"B","gardenname":"Northside Community Garden","juris":"BQLT","status":"Active","crossstree":"btw N. 5th & N. 6th Street","ORIG_FID":407,"DataSource":"NYC Open Data - GreenThumb Garden Info"}},{"type":"Feature","id":409,"geometry":{"type":"Point","coordinates":[-73.9530659970981,40.6752285633476]},"properties":{"FID":409,"address":"1397 Bedford Avenue","borough":"B","gardenname":"Mama Dee's Community Garden","juris":"BQLT","status":"Active","crossstree":"corner of St. Mark\"s Ave.","ORIG_FID":408,"DataSource":"NYC Open Data - GreenThumb Garden Info"}},{"type":"Feature","id":410,"geometry":{"type":"Point","coordinates":[-73.9789647669105,40.6771846085829]},"properties":{"FID":410,"address":"20 Lincoln Place","borough":"B","gardenname":"Lincoln-Berkeley Community Garden","juris":"BQLT","status":"Active","crossstree":"between 5th & 6th Ave.","ORIG_FID":409,"DataSource":"NYC Open Data - GreenThumb Garden Info"}},{"type":"Feature","id":411,"geometry":{"type":"Point","coordinates":[-73.9295561171211,40.7041584927203]},"properties":{"FID":411,"address":"1034 Flushing Avenue","borough":"B","gardenname":"La Finca Community Garden","juris":"BQLT","status":"Active","crossstree":"Knickerbocker Avenue  & Noll Street","ORIG_FID":410,"DataSource":"NYC Open Data - GreenThumb Garden Info"}},{"type":"Feature","id":412,"geometry":{"type":"Point","coordinates":[-73.9573061089897,40.6879711896187]},"properties":{"FID":412,"address":"349 Greene Ave","borough":"B","gardenname":"Greene Acres Community Garden","juris":"NYRP","status":"Active","crossstree":"corner of Greene Ave","ORIG_FID":411,"DataSource":"NYC Open Data - GreenThumb Garden Info"}},{"type":"Feature","id":413,"geometry":{"type":"Point","coordinates":[-73.9573061089897,40.6879711896187]},"properties":{"FID":413,"address":"349 Greene Ave","borough":"B","gardenname":"Greene Acres Community Garden","juris":"NYRP","status":"Active","crossstree":"corner of Greene Ave","ORIG_FID":412,"DataSource":"NYC Open Data - GreenThumb Garden Info"}},{"type":"Feature","id":414,"geometry":{"type":"Point","coordinates":[-73.9810817943892,40.6759744358716]},"properties":{"FID":414,"address":"222 5th Avenue","borough":"B","gardenname":"Green Space at President Street","juris":"BANG","status":"Active","crossstree":"President Street and 5th Ave.","ORIG_FID":413,"DataSource":"NYC Open Data - GreenThumb Garden Info"}},{"type":"Feature","id":415,"geometry":{"type":"Point","coordinates":[-73.9847587867885,40.6762708308342]},"properties":{"FID":415,"address":"534 Carroll Street","borough":"B","gardenname":"Gil Hodges (Carroll Street Garden)","juris":"NYRP","status":"Active","crossstree":"Carroll St. and Denton Place","ORIG_FID":414,"DataSource":"NYC Open Data - GreenThumb Garden Info"}},{"type":"Feature","id":416,"geometry":{"type":"Point","coordinates":[-73.8697220090634,40.6697028588999]},"properties":{"FID":416,"address":"1308 Dumont Avenue","borough":"B","gardenname":"Euclid / Pine Street Block Association Garden","juris":"BQLT","status":"Active","crossstree":"Euclid St. & Pine St.","ORIG_FID":415,"DataSource":"NYC Open Data - GreenThumb Garden Info"}},{"type":"Feature","id":417,"geometry":{"type":"Point","coordinates":[-73.9564338304569,40.6306882918312]},"properties":{"FID":417,"address":"2109 Campus Road","borough":"B","gardenname":"Brooklyn College Garden","juris":"PRI","status":"Not GreenThumb","crossstree":"Campus Road and Ave. H (E. 21st Street & Ocean Avenue)","ORIG_FID":416,"DataSource":"NYC Open Data - GreenThumb Garden Info"}},{"type":"Feature","id":418,"geometry":{"type":"Point","coordinates":[-73.9302914621812,40.6904290457639]},"properties":{"FID":418,"address":"95 Malcolm X Boulevard","borough":"B","gardenname":"Bedford Stuyvesant Community Garden (Lola Bryant Comm. Garden)","juris":"NYRP","status":"Active","crossstree":"Greene & Lexington Avenues","ORIG_FID":417,"DataSource":"NYC Open Data - GreenThumb Garden Info"}},{"type":"Feature","id":419,"geometry":{"type":"Point","coordinates":[-74.0212136243093,40.6391566004968]},"properties":{"FID":419,"address":"373 64th Street","borough":"B","gardenname":"64th Street Community Garden","juris":"NYS DOT","status":"Active","crossstree":"West of 4th Avenue (Dead End St.)","ORIG_FID":418,"DataSource":"NYC Open Data - GreenThumb Garden Info"}},{"type":"Feature","id":420,"geometry":{"type":"Point","coordinates":[-73.9071907557487,40.6835941253686]},"properties":{"FID":420,"address":"1475 Bushwick Avenue","borough":"B","gardenname":"Contented Hart Garden","juris":"BQLT","status":"Active","crossstree":"Pilling St. & Granite St.","ORIG_FID":419,"DataSource":"NYC Open Data - GreenThumb Garden Info"}},{"type":"Feature","id":421,"geometry":{"type":"Point","coordinates":[-73.9329011508674,40.6762580145958]},"properties":{"FID":421,"address":"87 Schenectady Avenue","borough":"B","gardenname":"Imani Community Garden (Schenectady)","juris":"NYRP","status":"Active","crossstree":"btw Pacific St. and Dean St.","ORIG_FID":420,"DataSource":"NYC Open Data - GreenThumb Garden Info"}},{"type":"Feature","id":422,"geometry":{"type":"Point","coordinates":[-73.9105132246056,40.6841988187206]},"properties":{"FID":422,"address":"34 Cooper Street","borough":"B","gardenname":"Cooper Street Community Garden","juris":"NYRP","status":"Active","crossstree":"Bushwick Avenue & Broadway","ORIG_FID":421,"DataSource":"NYC Open Data - GreenThumb Garden Info"}},{"type":"Feature","id":423,"geometry":{"type":"Point","coordinates":[-73.9656033153407,40.6851478678798]},"properties":{"FID":423,"address":"460 Washington Avenue","borough":"B","gardenname":"Hollenback Community Garden","juris":"BQLT","status":"Active","crossstree":"Gates & Greene Avenue","ORIG_FID":422,"DataSource":"NYC Open Data - GreenThumb Garden Info"}},{"type":"Feature","id":424,"geometry":{"type":"Point","coordinates":[-73.9053271797055,40.6728680363308]},"properties":{"FID":424,"address":"130 Liberty Avenue","borough":"B","gardenname":"McLeod Community Garden","juris":"NYRP","status":"Active","crossstree":"Sackman & Powell Streets.","ORIG_FID":423,"DataSource":"NYC Open Data - GreenThumb Garden Info"}},{"type":"Feature","id":425,"geometry":{"type":"Point","coordinates":[-73.8829681117889,40.6802599401442]},"properties":{"FID":425,"address":"3030 Fulton Street","borough":"B","gardenname":"Essex Street Community Garden","juris":"NYRP","status":"Active","crossstree":"at Essex St.","ORIG_FID":424,"DataSource":"NYC Open Data - GreenThumb Garden Info"}},{"type":"Feature","id":426,"geometry":{"type":"Point","coordinates":[-73.9823760555105,40.677662443567]},"properties":{"FID":426,"address":"207 4th Avenue","borough":"B","gardenname":"GreenSpace Native Plant Community Garden and Environmental Center","juris":"DEP","status":"Active","crossstree":"Union and Sackett Streets","ORIG_FID":425,"DataSource":"NYC Open Data - GreenThumb Garden Info"}},{"type":"Feature","id":427,"geometry":{"type":"Point","coordinates":[-73.9690124707489,40.678925938881]},"properties":{"FID":427,"address":"207 St. Marks Avenue","borough":"B","gardenname":"St. Mark's Avenue / Prospect Heights Community Garden","juris":"BQLT","status":"Active","crossstree":"Vanderbilt & Carlton Avenues","ORIG_FID":426,"DataSource":"NYC Open Data - GreenThumb Garden Info"}},{"type":"Feature","id":428,"geometry":{"type":"Point","coordinates":[-73.9401025944591,40.6834471068985]},"properties":{"FID":428,"address":"392 Hancock Street","borough":"B","gardenname":"Garden of Hope","juris":"NYRP","status":"Active","crossstree":"Throop & Marcus Garvey Blvd","ORIG_FID":427,"DataSource":"NYC Open Data - GreenThumb Garden Info"}},{"type":"Feature","id":429,"geometry":{"type":"Point","coordinates":[-73.9273216768539,40.6907340355473]},"properties":{"FID":429,"address":"49 Patchen Avenue","borough":"B","gardenname":"Patchen Avenue Garden","juris":"BQLT","status":"Active","crossstree":"btw Lexington Ave. and Greene Ave.","ORIG_FID":428,"DataSource":"NYC Open Data - GreenThumb Garden Info"}},{"type":"Feature","id":430,"geometry":{"type":"Point","coordinates":[-73.984761993771,40.6977611851306]},"properties":{"FID":430,"address":"153 Concord Street","borough":"B","gardenname":"Bridge Plaza Community Garden","juris":"NYRP","status":"Active","crossstree":"Corner of Bridge St & Concord St","ORIG_FID":429,"DataSource":"NYC Open Data - GreenThumb Garden Info"}},{"type":"Feature","id":431,"geometry":{"type":"Point","coordinates":[-73.9006221497924,40.6742577353063]},"properties":{"FID":431,"address":"88 Williams Avenue","borough":"B","gardenname":"Williams Avenue Community Garden","juris":"NYRP","status":"Active","crossstree":"Liberty Ave. & Atlantic Ave.","ORIG_FID":430,"DataSource":"NYC Open Data - GreenThumb Garden Info"}},{"type":"Feature","id":432,"geometry":{"type":"Point","coordinates":[-73.916397547209,40.692513443141]},"properties":{"FID":432,"address":"146 Woodbine Street","borough":"B","gardenname":"Woodbine Street Block Association Garden","juris":"BQLT","status":"Active","crossstree":"btw Central Ave. and Evergreen Ave.","ORIG_FID":431,"DataSource":"NYC Open Data - GreenThumb Garden Info"}},{"type":"Feature","id":433,"geometry":{"type":"Point","coordinates":[-73.9445729049156,40.6938857150537]},"properties":{"FID":433,"address":"169 Hart Street","borough":"B","gardenname":"Heaven's Gate Community Garden (Hart Street)","juris":"BQLT","status":"Active","crossstree":"Throop Ave. & Tompkins Ave.","ORIG_FID":432,"DataSource":"NYC Open Data - GreenThumb Garden Info"}},{"type":"Feature","id":434,"geometry":{"type":"Point","coordinates":[-73.9492290863532,40.676285619286]},"properties":{"FID":434,"address":"1107 Bergen Street","borough":"B","gardenname":"1100 Bergen Street Community Garden","juris":"BQLT","status":"Active","crossstree":"Nostrand & New York Avenues","ORIG_FID":433,"DataSource":"NYC Open Data - GreenThumb Garden Info"}},{"type":"Feature","id":435,"geometry":{"type":"Point","coordinates":[-73.9843142815788,40.6840827252377]},"properties":{"FID":435,"address":"248 Bergen Street","borough":"B","gardenname":"David Foulke Memorial Garden","juris":"BQLT","status":"Active","crossstree":"Bond St. & Nevins St.","ORIG_FID":434,"DataSource":"NYC Open Data - GreenThumb Garden Info"}},{"type":"Feature","id":436,"geometry":{"type":"Point","coordinates":[-73.9442620785321,40.708480322409]},"properties":{"FID":436,"address":"134 Scholes Street","borough":"B","gardenname":"Scholes Street Children’s Garden","juris":"NYRP","status":"Active","crossstree":"btw Graham and Manhattan","ORIG_FID":435,"DataSource":"NYC Open Data - GreenThumb Garden Info"}},{"type":"Feature","id":437,"geometry":{"type":"Point","coordinates":[-73.9623621586866,40.6876385420851]},"properties":{"FID":437,"address":"289 Grand Avenue","borough":"B","gardenname":"Clifton Place Block Association Garden","juris":"BQLT","status":"Not GreenThumb","crossstree":"Clifton Pl. & Greene Avenue","ORIG_FID":436,"DataSource":"NYC Open Data - GreenThumb Garden Info"}},{"type":"Feature","id":438,"geometry":{"type":"Point","coordinates":[-73.9214802276304,40.6922033524028]},"properties":{"FID":438,"address":"72 Grove Street","borough":"B","gardenname":"Concerned Citizens of Grove Street Community Garden","juris":"BQLT","status":"Active","crossstree":"Evergreen Ave. & Bushwick Ave.","ORIG_FID":437,"DataSource":"NYC Open Data - GreenThumb Garden Info"}},{"type":"Feature","id":439,"geometry":{"type":"Point","coordinates":[-73.9593155802498,40.6839024192613]},"properties":{"FID":439,"address":"474 Classon Avenue","borough":"B","gardenname":"Classon / Fulgate Block Association Garden","juris":"BQLT","status":"Active","crossstree":"Madison & Monroe Streets","ORIG_FID":438,"DataSource":"NYC Open Data - GreenThumb Garden Info"}},{"type":"Feature","id":440,"geometry":{"type":"Point","coordinates":[-73.9582409263776,40.6878176717482]},"properties":{"FID":440,"address":"327 Greene Avenue","borough":"B","gardenname":"Jane Bailey Memorial Garden","juris":"NYRP","status":"Active","crossstree":"Franklin & Classon","ORIG_FID":439,"DataSource":"NYC Open Data - GreenThumb Garden Info"}},{"type":"Feature","id":441,"geometry":{"type":"Point","coordinates":[-73.9911973660655,40.5787937855048]},"properties":{"FID":441,"address":"2403 Neptune Avenue","borough":"B","gardenname":"West 23rd Street Community Garden","juris":"DCAS (DPR)","status":"Active","crossstree":"At W. 23rd Street","ORIG_FID":440,"DataSource":"NYC Open Data - GreenThumb Garden Info"}},{"type":"Feature","id":442,"geometry":{"type":"Point","coordinates":[-73.9188510803131,40.6888243512628]},"properties":{"FID":442,"address":"974 Madison Street","borough":"B","gardenname":"Madison Street Association","juris":"NYRP","status":"Active","crossstree":" ","ORIG_FID":441,"DataSource":"NYC Open Data - GreenThumb Garden Info"}},{"type":"Feature","id":443,"geometry":{"type":"Point","coordinates":[-73.9350440095733,40.6963793947933]},"properties":{"FID":443,"address":"10 Stuyvesant Avenue","borough":"B","gardenname":"John the Baptist Community Garden","juris":"BQLT","status":"Active","crossstree":"Broadway & Vernon Ave.","ORIG_FID":442,"DataSource":"NYC Open Data - GreenThumb Garden Info"}},{"type":"Feature","id":444,"geometry":{"type":"Point","coordinates":[-73.928623435623,40.6907661188613]},"properties":{"FID":444,"address":"978 Greene Avenue","borough":"B","gardenname":"Garden of Angels","juris":"BQLT","status":"Active","crossstree":"Patchen Avenue & Malcolm X Blvd.","ORIG_FID":443,"DataSource":"NYC Open Data - GreenThumb Garden Info"}},{"type":"Feature","id":445,"geometry":{"type":"Point","coordinates":[-73.9772339649755,40.6833412998611]},"properties":{"FID":445,"address":"590 Pacific Street","borough":"B","gardenname":"Brooklyn Bears/Pacific Street Garden","juris":"BANG","status":"Active","crossstree":"at Flatbush Ave.","ORIG_FID":444,"DataSource":"NYC Open Data - GreenThumb Garden Info"}},{"type":"Feature","id":446,"geometry":{"type":"Point","coordinates":[-73.9100718022718,40.6858413845723]},"properties":{"FID":446,"address":"1052 Decatur Street","borough":"B","gardenname":"Decatur Street Community Garden","juris":"NYRP","status":"Active","crossstree":"Bushwick & Evergreen Avenues","ORIG_FID":445,"DataSource":"NYC Open Data - GreenThumb Garden Info"}},{"type":"Feature","id":447,"geometry":{"type":"Point","coordinates":[-73.9256483236112,40.6818160658588]},"properties":{"FID":447,"address":"269 Patchen Avenue","borough":"B","gardenname":"Central Bainbridge Street Community Garden","juris":"BQLT","status":"Active","crossstree":"Ralph & Patchen Avenues","ORIG_FID":446,"DataSource":"NYC Open Data - GreenThumb Garden Info"}},{"type":"Feature","id":448,"geometry":{"type":"Point","coordinates":[-73.975411254126,40.6895721087658]},"properties":{"FID":448,"address":"2 South Portland Avenue","borough":"B","gardenname":"Greene Garden","juris":"BQLT","status":"Active","crossstree":"At DeKalb Avenue","ORIG_FID":447,"DataSource":"NYC Open Data - GreenThumb Garden Info"}},{"type":"Feature","id":449,"geometry":{"type":"Point","coordinates":[-73.975411254126,40.6895721087658]},"properties":{"FID":449,"address":"2 South Portland Avenue","borough":"B","gardenname":"Greene Garden","juris":"BQLT","status":"Active","crossstree":"At DeKalb Avenue","ORIG_FID":448,"DataSource":"NYC Open Data - GreenThumb Garden Info"}},{"type":"Feature","id":450,"geometry":{"type":"Point","coordinates":[-73.9527822663885,40.66089617312]},"properties":{"FID":450,"address":"237 Maple Street","borough":"B","gardenname":"Maple Street Community Garden","juris":"DPR","status":"Active","crossstree":"between Bedford and Prospect","ORIG_FID":449,"DataSource":"NYC Open Data - GreenThumb Garden Info"}},{"type":"Feature","id":451,"geometry":{"type":"Point","coordinates":[-73.9268242843132,40.6819436238992]},"properties":{"FID":451,"address":"404 Decatur Street","borough":"B","gardenname":"Bed-Stuy Farm","juris":"DPR/PRI","status":"Active","crossstree":"Btwn Malcolm X & Patchen Avenue","ORIG_FID":450,"DataSource":"NYC Open Data - GreenThumb Garden Info"}},{"type":"Feature","id":452,"geometry":{"type":"Point","coordinates":[-73.9940595394162,40.5732849100706]},"properties":{"FID":452,"address":"2801 Surf Avenue","borough":"B","gardenname":"Surf Avenue Community Garden","juris":"DPR","status":"Inactive (No Group)","crossstree":" ","ORIG_FID":451,"DataSource":"NYC Open Data - GreenThumb Garden Info"}},{"type":"Feature","id":453,"geometry":{"type":"Point","coordinates":[-73.9107058405021,40.6834476132168]},"properties":{"FID":453,"address":"9 Moffat Street","borough":"B","gardenname":"Moffat Street Community Garden","juris":"DPR","status":"Active","crossstree":"Broadway and Bushwick Ave.","ORIG_FID":452,"DataSource":"NYC Open Data - GreenThumb Garden Info"}},{"type":"Feature","id":454,"geometry":{"type":"Point","coordinates":[-73.953627635407,40.7079711784272]},"properties":{"FID":454,"address":"375 South 5th Street","borough":"B","gardenname":"Hooper Grove","juris":"DPR","status":"Active","crossstree":"at Hooper Street","ORIG_FID":453,"DataSource":"NYC Open Data - GreenThumb Garden Info"}},{"type":"Feature","id":455,"geometry":{"type":"Point","coordinates":[-73.9619215799169,40.6812531882841]},"properties":{"FID":455,"address":"48 Lefferts Place","borough":"B","gardenname":"Brooklyn's Finest Garden","juris":"DPR","status":"Active","crossstree":"Saint James Pl & Grand Avenue","ORIG_FID":454,"DataSource":"NYC Open Data - GreenThumb Garden Info"}},{"type":"Feature","id":456,"geometry":{"type":"Point","coordinates":[-73.8843862761057,40.6686638361672]},"properties":{"FID":456,"address":"601 Warwick Street","borough":"B","gardenname":"Warwick Street Greenery Glow Garden","juris":"DPR","status":"Active","crossstree":"Blake & Dumont","ORIG_FID":455,"DataSource":"NYC Open Data - GreenThumb Garden Info"}},{"type":"Feature","id":457,"geometry":{"type":"Point","coordinates":[-73.9588212472028,40.7314215736467]},"properties":{"FID":457,"address":"59 Java Street","borough":"B","gardenname":"Java Street Community Garden","juris":"DPR","status":"Active","crossstree":"Franklin St. and West St.","ORIG_FID":456,"DataSource":"NYC Open Data - GreenThumb Garden Info"}},{"type":"Feature","id":458,"geometry":{"type":"Point","coordinates":[-73.9329867366486,40.6765157782806]},"properties":{"FID":458,"address":"1680 Pacific Street","borough":"B","gardenname":"Imani II Community Garden","juris":"DPR","status":"Active","crossstree":"Schenectady Avenue and Utica Avenue","ORIG_FID":457,"DataSource":"NYC Open Data - GreenThumb Garden Info"}},{"type":"Feature","id":459,"geometry":{"type":"Point","coordinates":[-73.9166091567871,40.6647243109782]},"properties":{"FID":459,"address":"658 Saratoga Avenue & 89 Blake Avenue","borough":"B","gardenname":"Sunkissed Garden","juris":"DPR","status":"Active","crossstree":"Saratoga & Blake Avenue","ORIG_FID":458,"DataSource":"NYC Open Data - GreenThumb Garden Info"}},{"type":"Feature","id":460,"geometry":{"type":"Point","coordinates":[-73.9306107637757,40.6995222519504]},"properties":{"FID":460,"address":"120 Jefferson Street","borough":"B","gardenname":"EL Garden","juris":"DPR","status":"Active","crossstree":"Central Ave. and Evergreen Ave.","ORIG_FID":459,"DataSource":"NYC Open Data - GreenThumb Garden Info"}},{"type":"Feature","id":461,"geometry":{"type":"Point","coordinates":[-73.9431033578336,40.6948268411858]},"properties":{"FID":461,"address":"267 Throop Avenue","borough":"B","gardenname":"Tranquility Farm","juris":"DPR","status":"Active","crossstree":"Vernon Ave. & Willoughby Ave.","ORIG_FID":460,"DataSource":"NYC Open Data - GreenThumb Garden Info"}},{"type":"Feature","id":462,"geometry":{"type":"Point","coordinates":[-73.9356680302553,40.6832040039617]},"properties":{"FID":462,"address":"462 Halsey Street","borough":"B","gardenname":"462 Halsey Community Farm","juris":"DPR","status":"Active","crossstree":"Marcus Garvey & Lewis Avenue","ORIG_FID":461,"DataSource":"NYC Open Data - GreenThumb Garden Info"}},{"type":"Feature","id":463,"geometry":{"type":"Point","coordinates":[-73.9228785565002,40.6846573839311]},"properties":{"FID":463,"address":"774 Halsey Street Brooklyn","borough":"B","gardenname":"Halsey Ralph & Howard Community Garden","juris":"DPR","status":"Active","crossstree":"Ralph Ave & Howard Ave.","ORIG_FID":462,"DataSource":"NYC Open Data - GreenThumb Garden Info"}},{"type":"Feature","id":464,"geometry":{"type":"Point","coordinates":[-73.9270783212075,40.6865118975061]},"properties":{"FID":464,"address":"142 Patchen Avenue","borough":"B","gardenname":"Patchen Community Square Garden","juris":"DPR","status":"Active","crossstree":"corner of Putnam Ave. and Patchen Ave.","ORIG_FID":463,"DataSource":"NYC Open Data - GreenThumb Garden Info"}},{"type":"Feature","id":465,"geometry":{"type":"Point","coordinates":[-73.943576448894,40.6902520636818]},"properties":{"FID":465,"address":"49 Van Buren St","borough":"B","gardenname":"Hattie Carthan Herban Farm","juris":"DPR","status":"Active","crossstree":"Tompkins Ave and Throop Ave","ORIG_FID":464,"DataSource":"NYC Open Data - GreenThumb Garden Info"}},{"type":"Feature","id":466,"geometry":{"type":"Point","coordinates":[-73.9344220366476,40.6285262038213]},"properties":{"FID":466,"address":"1087 East 43rd Street","borough":"B","gardenname":"Bountiful Bliss Community Garden","juris":"DPR","status":"Active","crossstree":"btw Ave. I and Ave. J","ORIG_FID":465,"DataSource":"NYC Open Data - GreenThumb Garden Info"}},{"type":"Feature","id":467,"geometry":{"type":"Point","coordinates":[-73.9863531507772,40.678139007809]},"properties":{"FID":467,"address":"503 President Street","borough":"B","gardenname":"Dolly's Park","juris":"DPR","status":"Closed (Construction)","crossstree":"3rd Ave. and Nevins St.","ORIG_FID":466,"DataSource":"NYC Open Data - GreenThumb Garden Info"}},{"type":"Feature","id":468,"geometry":{"type":"Point","coordinates":[-73.8762173436555,40.6877710661818]},"properties":{"FID":468,"address":"9 Chestnut Street","borough":"B","gardenname":"Chestnut Street Garden","juris":"DPR","status":"Active","crossstree":"Jamaica Ave. & Etna St.","ORIG_FID":467,"DataSource":"NYC Open Data - GreenThumb Garden Info"}},{"type":"Feature","id":469,"geometry":{"type":"Point","coordinates":[-73.8849265375296,40.674082972751]},"properties":{"FID":469,"address":"341 Ashford Street","borough":"B","gardenname":"Ashford Learning Garden","juris":"DPR","status":"Active","crossstree":"Glenmore and Pitkin Ave.","ORIG_FID":468,"DataSource":"NYC Open Data - GreenThumb Garden Info"}},{"type":"Feature","id":470,"geometry":{"type":"Point","coordinates":[-73.8854955520781,40.6743670649881]},"properties":{"FID":470,"address":"330 Ashford Street","borough":"B","gardenname":"Ashford Street Abundant Garden","juris":"DPR","status":"Active","crossstree":"Pitkin Ave. and Glenmore Ave.","ORIG_FID":469,"DataSource":"NYC Open Data - GreenThumb Garden Info"}},{"type":"Feature","id":471,"geometry":{"type":"Point","coordinates":[-73.9396565711938,40.6793203446582]},"properties":{"FID":471,"address":"411 Herkimer Street","borough":"B","gardenname":"Her-King Alagantic Community Garden","juris":"DPR","status":"Active","crossstree":"Kingston Ave. & Albany Ave.","ORIG_FID":470,"DataSource":"NYC Open Data - GreenThumb Garden Info"}},{"type":"Feature","id":472,"geometry":{"type":"Point","coordinates":[-73.9139208700521,40.6641923233171]},"properties":{"FID":472,"address":"239 Herzl Street","borough":"B","gardenname":"Brownsville Community Farm (James McKeather)","juris":"DPR","status":"Active","crossstree":"Blake/Dumont","ORIG_FID":471,"DataSource":"NYC Open Data - GreenThumb Garden Info"}},{"type":"Feature","id":473,"geometry":{"type":"Point","coordinates":[-73.9163183268293,40.6658293430498]},"properties":{"FID":473,"address":"615 Saratoga Avenue","borough":"B","gardenname":"Isabahlia Community Garden","juris":"DPR","status":"Active","crossstree":"Dumont & Sutter Avenues","ORIG_FID":472,"DataSource":"NYC Open Data - GreenThumb Garden Info"}},{"type":"Feature","id":474,"geometry":{"type":"Point","coordinates":[-73.8992001022029,40.6612405675982]},"properties":{"FID":474,"address":"554 Snediker Avenue","borough":"B","gardenname":"Positive Seeds of Life Garden","juris":"DPR","status":"Active","crossstree":"Newport Ave. and Riverdale Ave.","ORIG_FID":473,"DataSource":"NYC Open Data - GreenThumb Garden Info"}},{"type":"Feature","id":475,"geometry":{"type":"Point","coordinates":[-73.9104736877105,40.6673945429239]},"properties":{"FID":475,"address":"514 Rockaway Avenue","borough":"B","gardenname":"ISO Student Farm","juris":"DPR","status":"Active","crossstree":"Sutter Ave. & Belmont Ave.","ORIG_FID":474,"DataSource":"NYC Open Data - GreenThumb Garden Info"}},{"type":"Feature","id":476,"geometry":{"type":"Point","coordinates":[-73.9947220214041,40.5735419237209]},"properties":{"FID":476,"address":"2871 Surf Avenue","borough":"B","gardenname":"Surfside Garden Multi-Cultural Coalition","juris":"DPR","status":"Active","crossstree":"At W. 29th Street between Surf and Mermaid","ORIG_FID":475,"DataSource":"NYC Open Data - GreenThumb Garden Info"}},{"type":"Feature","id":477,"geometry":{"type":"Point","coordinates":[-73.9160156806791,40.6787640177453]},"properties":{"FID":477,"address":"1969 Fulton Street","borough":"B","gardenname":"Saratoga Farm","juris":"DPR","status":"Active","crossstree":"Saratoga St. & Hull St.","ORIG_FID":476,"DataSource":"NYC Open Data - GreenThumb Garden Info"}},{"type":"Feature","id":478,"geometry":{"type":"Point","coordinates":[-74.0041899867784,40.681386810453]},"properties":{"FID":478,"address":"313 Columbia Street","borough":"B","gardenname":"Pirate's Cove Garden","juris":"DPR","status":"Active","crossstree":"btw Hamilton Ave. and Woodhull St.","ORIG_FID":477,"DataSource":"NYC Open Data - GreenThumb Garden Info"}},{"type":"Feature","id":479,"geometry":{"type":"Point","coordinates":[-74.0028972688938,40.6852626114804]},"properties":{"FID":479,"address":"204 Columbia Street","borough":"B","gardenname":"South Brooklyn Children's Garden","juris":"DPR","status":"Active","crossstree":"corner of Sackett St and Columbia St","ORIG_FID":478,"DataSource":"NYC Open Data - GreenThumb Garden Info"}},{"type":"Feature","id":480,"geometry":{"type":"Point","coordinates":[-73.8820551407321,40.6710512232354]},"properties":{"FID":480,"address":"580 Linwood Street","borough":"B","gardenname":"Linwood Street Garden","juris":"DPR","status":"Active","crossstree":"at Linwood St.","ORIG_FID":479,"DataSource":"NYC Open Data - GreenThumb Garden Info"}},{"type":"Feature","id":481,"geometry":{"type":"Point","coordinates":[-73.9109800995519,40.6642187696805]},"properties":{"FID":481,"address":"289 Bristol Street","borough":"B","gardenname":"Living Laboratory Community Garden","juris":"DPR","status":"Active","crossstree":"Livonia Ave & Riverdale Ave","ORIG_FID":480,"DataSource":"NYC Open Data - GreenThumb Garden Info"}},{"type":"Feature","id":482,"geometry":{"type":"Point","coordinates":[-73.9259532153686,40.6978142829029]},"properties":{"FID":482,"address":"1278 Myrtle Avenue","borough":"B","gardenname":"Know Waste Lands","juris":"DPR","status":"Active","crossstree":"Union Ave. and Central Ave.","ORIG_FID":481,"DataSource":"NYC Open Data - GreenThumb Garden Info"}},{"type":"Feature","id":483,"geometry":{"type":"Point","coordinates":[-73.9211071079067,40.6687642220912]},"properties":{"FID":483,"address":"1418 Eastern Parkway","borough":"B","gardenname":"Brownsville Green Community Garden","juris":"DPR","status":"Active","crossstree":"Howard Avenue & Pitkin Avenue","ORIG_FID":482,"DataSource":"NYC Open Data - GreenThumb Garden Info"}},{"type":"Feature","id":484,"geometry":{"type":"Point","coordinates":[-73.9574525222161,40.7275089166033]},"properties":{"FID":484,"address":"61 Franklin Street","borough":"B","gardenname":"61 Franklin Street Garden","juris":"DPR","status":"Active","crossstree":"Calyer and Oak street","ORIG_FID":483,"DataSource":"NYC Open Data - GreenThumb Garden Info"}},{"type":"Feature","id":485,"geometry":{"type":"Point","coordinates":[-73.9589333683802,40.7137877784833]},"properties":{"FID":485,"address":"239 Grand Street","borough":"B","gardenname":"Grand Street Community Garden","juris":"DPR","status":"Active","crossstree":"btw Driggs Ave & Roebling St","ORIG_FID":484,"DataSource":"NYC Open Data - GreenThumb Garden Info"}},{"type":"Feature","id":486,"geometry":{"type":"Point","coordinates":[-73.9826374884293,40.7015184663042]},"properties":{"FID":486,"address":"199 York Street","borough":"B","gardenname":"Vinegar Hill Community Garden","juris":"DPR","status":"Active","crossstree":"Gold and Navy St.","ORIG_FID":485,"DataSource":"NYC Open Data - GreenThumb Garden Info"}},{"type":"Feature","id":487,"geometry":{"type":"Point","coordinates":[-73.9547960759781,40.7091083594632]},"properties":{"FID":487,"address":"347 Keap Street","borough":"B","gardenname":"Keap Fourth Community Garden","juris":"DPR","status":"Active","crossstree":"South 4th Street","ORIG_FID":486,"DataSource":"NYC Open Data - GreenThumb Garden Info"}},{"type":"Feature","id":488,"geometry":{"type":"Point","coordinates":[-73.9548678895414,40.6897926396187]},"properties":{"FID":488,"address":"1001 Bedford Avenue","borough":"B","gardenname":"Whole Neighborhood Garden","juris":"DPR","status":"Active","crossstree":"Kosciuszko & Lafayette","ORIG_FID":487,"DataSource":"NYC Open Data - GreenThumb Garden Info"}},{"type":"Feature","id":489,"geometry":{"type":"Point","coordinates":[-73.9447214630251,40.685965491914]},"properties":{"FID":489,"address":"340 Tompkins Avenue","borough":"B","gardenname":"Feeding Tree Garden","juris":"DPR","status":"Active","crossstree":"Between Monroe Street & Tompkins Ave","ORIG_FID":488,"DataSource":"NYC Open Data - GreenThumb Garden Info"}},{"type":"Feature","id":490,"geometry":{"type":"Point","coordinates":[-73.9413141485291,40.7036646911726]},"properties":{"FID":490,"address":"104 Moore Street","borough":"B","gardenname":"Nos Cuidamos Community Garden","juris":"DPR","status":"Active","crossstree":"Graham Ave. & Humbolt Street","ORIG_FID":489,"DataSource":"NYC Open Data - GreenThumb Garden Info"}},{"type":"Feature","id":491,"geometry":{"type":"Point","coordinates":[-73.957236793743,40.6859724436734]},"properties":{"FID":491,"address":"100 Quincy Street","borough":"B","gardenname":"100 Quincy Community Garden","juris":"DPR","status":"Active","crossstree":"Classon Ave. and Franklin Ave.","ORIG_FID":490,"DataSource":"NYC Open Data - GreenThumb Garden Info"}},{"type":"Feature","id":492,"geometry":{"type":"Point","coordinates":[-73.8877938837807,40.6654945182574]},"properties":{"FID":492,"address":"786 Livonia Ave. Brooklyn","borough":"B","gardenname":"Fresh Farm","juris":"DPR","status":"Active","crossstree":"corner of Hendrix St. and Livonia Ave.","ORIG_FID":491,"DataSource":"NYC Open Data - GreenThumb Garden Info"}},{"type":"Feature","id":493,"geometry":{"type":"Point","coordinates":[-73.9325660508825,40.6745237709553]},"properties":{"FID":493,"address":"1123 Saint Mark's Avenue","borough":"B","gardenname":"Eden’s Community Garden","juris":"DPR","status":"Active","crossstree":"Schenectady & Utica Avenues","ORIG_FID":492,"DataSource":"NYC Open Data - GreenThumb Garden Info"}},{"type":"Feature","id":494,"geometry":{"type":"Point","coordinates":[-73.925310935751,40.6848595605204]},"properties":{"FID":494,"address":"681 Halsey Street","borough":"B","gardenname":"Welcome Home Garden","juris":"DPR","status":"Active","crossstree":"Ralph & Patchen","ORIG_FID":493,"DataSource":"NYC Open Data - GreenThumb Garden Info"}},{"type":"Feature","id":495,"geometry":{"type":"Point","coordinates":[-73.8767773883657,40.6686648317167]},"properties":{"FID":495,"address":"956 New Lots Ave","borough":"B","gardenname":"400 Montauk Community Garden","juris":"DPR","status":"Active","crossstree":"at Montauk Ave.","ORIG_FID":494,"DataSource":"NYC Open Data - GreenThumb Garden Info"}},{"type":"Feature","id":496,"geometry":{"type":"Point","coordinates":[-73.9059366232765,40.6595627537181]},"properties":{"FID":496,"address":"495 Osborn Street","borough":"B","gardenname":"Abib Newborn","juris":"DPR","status":"Active","crossstree":"Newport & New Lots","ORIG_FID":495,"DataSource":"NYC Open Data - GreenThumb Garden Info"}},{"type":"Feature","id":497,"geometry":{"type":"Point","coordinates":[-73.926642135626,40.6781958422643]},"properties":{"FID":497,"address":"808 Herkimer Street","borough":"B","gardenname":"F.A.R.R. Community Garden","juris":"DPR","status":"Active","crossstree":"Rochester Ave. and Suydam Place","ORIG_FID":496,"DataSource":"NYC Open Data - GreenThumb Garden Info"}},{"type":"Feature","id":498,"geometry":{"type":"Point","coordinates":[-73.92805989255,40.6776046801119]},"properties":{"FID":498,"address":"19 Hunterfly Place","borough":"B","gardenname":"Garden of Plenty","juris":"DPR","status":"Active","crossstree":"Herkimer Street and Atlantic Avenue","ORIG_FID":497,"DataSource":"NYC Open Data - GreenThumb Garden Info"}},{"type":"Feature","id":499,"geometry":{"type":"Point","coordinates":[-73.9271090987059,40.6787834835709]},"properties":{"FID":499,"address":"9-11 Rochester Avenue","borough":"B","gardenname":"Seasons of Vision Garden","juris":"DPR","status":"Active","crossstree":"Herkimer St & Fulton St","ORIG_FID":498,"DataSource":"NYC Open Data - GreenThumb Garden Info"}},{"type":"Feature","id":500,"geometry":{"type":"Point","coordinates":[-73.9192808465338,40.6636462171992]},"properties":{"FID":500,"address":"750 Howard Avenue","borough":"B","gardenname":"Howard Garden","juris":"DPR","status":"Active","crossstree":"Dumont & Blake","ORIG_FID":499,"DataSource":"NYC Open Data - GreenThumb Garden Info"}},{"type":"Feature","id":501,"geometry":{"type":"Point","coordinates":[-73.8955783965258,40.6610431250402]},"properties":{"FID":501,"address":"290 New Lots Avenue","borough":"B","gardenname":"Hands & Heart (New Lots Urban Farm)","juris":"DPR","status":"Active","crossstree":"New Lots Avenue At Alabama Avenue","ORIG_FID":500,"DataSource":"NYC Open Data - GreenThumb Garden Info"}},{"type":"Feature","id":502,"geometry":{"type":"Point","coordinates":[-73.8840767015785,40.6741614071233]},"properties":{"FID":502,"address":"433 Cleveland Street","borough":"B","gardenname":"Cleveland Street Vegetable Garden","juris":"DPR","status":"Active","crossstree":"Pitkin & Glenmore Avenues","ORIG_FID":501,"DataSource":"NYC Open Data - GreenThumb Garden Info"}},{"type":"Feature","id":503,"geometry":{"type":"Point","coordinates":[-73.917526210766,40.6800435012067]},"properties":{"FID":503,"address":"182 Sumpter Street","borough":"B","gardenname":"Sumpter Street Community Garden","juris":"DPR","status":"Active","crossstree":"Howard & Saratoga","ORIG_FID":502,"DataSource":"NYC Open Data - GreenThumb Garden Info"}},{"type":"Feature","id":504,"geometry":{"type":"Point","coordinates":[-73.9749757196537,40.5825286780561]},"properties":{"FID":504,"address":"SHELL ROAD","borough":"B","gardenname":"Victory Garden B13","juris":"DPR","status":"Not GreenThumb","crossstree":"At Shore-Belt Pkwys","ORIG_FID":503,"DataSource":"NYC Open Data - GreenThumb Garden Info"}},{"type":"Feature","id":505,"geometry":{"type":"Point","coordinates":[-73.8871861327338,40.6741917772288]},"properties":{"FID":505,"address":"314 Jerome Street","borough":"B","gardenname":"Jerome-Glenmore Cornerstone","juris":"DPR","status":"Active","crossstree":"At Glenmore","ORIG_FID":504,"DataSource":"NYC Open Data - GreenThumb Garden Info"}},{"type":"Feature","id":506,"geometry":{"type":"Point","coordinates":[-73.8875036689591,40.6737427502278]},"properties":{"FID":506,"address":"326 Jerome Street","borough":"B","gardenname":"Oriental Garden","juris":"DPR","status":"Inactive (Group Forming)","crossstree":"Glenmore & Pitkin","ORIG_FID":505,"DataSource":"NYC Open Data - GreenThumb Garden Info"}},{"type":"Feature","id":507,"geometry":{"type":"Point","coordinates":[-73.95480952444,40.6914009305086]},"properties":{"FID":507,"address":"230A Spencer Street","borough":"B","gardenname":"Spencer Street Community Garden","juris":"DPR","status":"Active","crossstree":"DeKalb & Willoughby Avenue","ORIG_FID":506,"DataSource":"NYC Open Data - GreenThumb Garden Info"}},{"type":"Feature","id":508,"geometry":{"type":"Point","coordinates":[-73.9276489617301,40.689083553863]},"properties":{"FID":508,"address":"953 Gates Avenue","borough":"B","gardenname":"Gates Harvest Garden","juris":"DPR","status":"Active","crossstree":"Patchen & Malcolm X","ORIG_FID":507,"DataSource":"NYC Open Data - GreenThumb Garden Info"}},{"type":"Feature","id":509,"geometry":{"type":"Point","coordinates":[-73.9116982001118,40.6785136051188]},"properties":{"FID":509,"address":"16 Somers Street","borough":"B","gardenname":"Phoenix Community Garden","juris":"DPR","status":"Active","crossstree":"Corner of Fulton & Somers","ORIG_FID":508,"DataSource":"NYC Open Data - GreenThumb Garden Info"}},{"type":"Feature","id":510,"geometry":{"type":"Point","coordinates":[-73.9018486380042,40.6633653022669]},"properties":{"FID":510,"address":"410 Livonia Avenue","borough":"B","gardenname":"Powell Street Garden","juris":"DPR","status":"Active","crossstree":"Powell Street and Junius Street","ORIG_FID":509,"DataSource":"NYC Open Data - GreenThumb Garden Info"}},{"type":"Feature","id":511,"geometry":{"type":"Point","coordinates":[-73.886862261684,40.6654147879622]},"properties":{"FID":511,"address":"620 Schenck Avenue","borough":"B","gardenname":"ENY Youth Farm","juris":"DPR","status":"Active","crossstree":"At Livonia","ORIG_FID":510,"DataSource":"NYC Open Data - GreenThumb Garden Info"}},{"type":"Feature","id":512,"geometry":{"type":"Point","coordinates":[-73.8859854775477,40.6686984789517]},"properties":{"FID":512,"address":"565 Barbey Street","borough":"B","gardenname":"Nehemiah 10 Community Garden","juris":"DPR","status":"Active","crossstree":"Blake &  Dumont","ORIG_FID":511,"DataSource":"NYC Open Data - GreenThumb Garden Info"}},{"type":"Feature","id":513,"geometry":{"type":"Point","coordinates":[-73.9078757945322,40.6596966151068]},"properties":{"FID":513,"address":"195 Newport Street","borough":"B","gardenname":"Newport Garden","juris":"DPR","status":"Active","crossstree":"btw Alabama Ave. and Georgia Ave.","ORIG_FID":512,"DataSource":"NYC Open Data - GreenThumb Garden Info"}},{"type":"Feature","id":514,"geometry":{"type":"Point","coordinates":[-73.9119453580918,40.6618977399888]},"properties":{"FID":514,"address":"754 Thomas Boyland Street","borough":"B","gardenname":"It's All About Brownsville","juris":"DPR","status":"Active","crossstree":"At Livonia Avenue","ORIG_FID":513,"DataSource":"NYC Open Data - GreenThumb Garden Info"}},{"type":"Feature","id":515,"geometry":{"type":"Point","coordinates":[-73.9136482972311,40.6668596495533]},"properties":{"FID":515,"address":"155 Amboy Street","borough":"B","gardenname":"Jes Good Rewards Children's Garden","juris":"DPR","status":"Active","crossstree":"Sutter Avenue & Pitkin Avenue","ORIG_FID":514,"DataSource":"NYC Open Data - GreenThumb Garden Info"}},{"type":"Feature","id":516,"geometry":{"type":"Point","coordinates":[-73.9161944632039,40.6693848532284]},"properties":{"FID":516,"address":"1833 Strauss Street","borough":"B","gardenname":"Fred McLeod Community Garden","juris":"DPR","status":"Active","crossstree":"btw East New York Ave. and Pitkin Ave.","ORIG_FID":515,"DataSource":"NYC Open Data - GreenThumb Garden Info"}},{"type":"Feature","id":517,"geometry":{"type":"Point","coordinates":[-73.8897490198014,40.6716192269458]},"properties":{"FID":517,"address":"337 Van Siclen Avenue","borough":"B","gardenname":"Poppa & Momma Jones Historical Garden","juris":"DPR","status":"Active","crossstree":"At Belmont","ORIG_FID":516,"DataSource":"NYC Open Data - GreenThumb Garden Info"}},{"type":"Feature","id":518,"geometry":{"type":"Point","coordinates":[-73.950305288858,40.6942667605027]},"properties":{"FID":518,"address":"46Vernon Avenue","borough":"B","gardenname":"Vernon Cases Community Garden","juris":"DPR","status":"Active","crossstree":"Marcy & Lee","ORIG_FID":517,"DataSource":"NYC Open Data - GreenThumb Garden Info"}},{"type":"Feature","id":519,"geometry":{"type":"Point","coordinates":[-73.9282737261515,40.6782815755344]},"properties":{"FID":519,"address":"762 Herkimer Street","borough":"B","gardenname":"Garden of Life (Brooklyn)","juris":"DPR","status":"Active","crossstree":"Corner of Hunterfly Place","ORIG_FID":518,"DataSource":"NYC Open Data - GreenThumb Garden Info"}},{"type":"Feature","id":520,"geometry":{"type":"Point","coordinates":[-73.9281144733043,40.6780340389398]},"properties":{"FID":520,"address":"3 Hunterfly Place","borough":"B","gardenname":"A Better Community Garden","juris":"DPR","status":"Active","crossstree":"Atlantic Avenue & Herkimer Street","ORIG_FID":519,"DataSource":"NYC Open Data - GreenThumb Garden Info"}},{"type":"Feature","id":521,"geometry":{"type":"Point","coordinates":[-73.8950628772499,40.6591744030763]},"properties":{"FID":521,"address":"67 Malta Street","borough":"B","gardenname":"Prophecy Garden","juris":"DPR","status":"Active","crossstree":"Hegeman & New Lots Avenues","ORIG_FID":520,"DataSource":"NYC Open Data - GreenThumb Garden Info"}},{"type":"Feature","id":522,"geometry":{"type":"Point","coordinates":[-73.9221473609119,40.6712352847806]},"properties":{"FID":522,"address":"1701 Sterling Place","borough":"B","gardenname":"Sterling Community Group Garden","juris":"DPR","status":"Active","crossstree":"Sterling Place, Ralph, Howard","ORIG_FID":521,"DataSource":"NYC Open Data - GreenThumb Garden Info"}},{"type":"Feature","id":523,"geometry":{"type":"Point","coordinates":[-73.8969920777222,40.6492222283233]},"properties":{"FID":523,"address":"660 East 105th Street","borough":"B","gardenname":"Ponderosa Garden","juris":"DPR","status":"Active","crossstree":"north of Glenwood Rd.","ORIG_FID":522,"DataSource":"NYC Open Data - GreenThumb Garden Info"}},{"type":"Feature","id":524,"geometry":{"type":"Point","coordinates":[-73.9506900413123,40.6849139182428]},"properties":{"FID":524,"address":"213 Madison Street","borough":"B","gardenname":"Stars of Hope Community Garden","juris":"DPR","status":"Active","crossstree":"At Nostrand","ORIG_FID":523,"DataSource":"NYC Open Data - GreenThumb Garden Info"}},{"type":"Feature","id":525,"geometry":{"type":"Point","coordinates":[-73.9452118030822,40.6862899286373]},"properties":{"FID":525,"address":"323 Monroe Street","borough":"B","gardenname":"Shiloh Garden","juris":"DPR","status":"Active","crossstree":"Tompkins & Marcy","ORIG_FID":524,"DataSource":"NYC Open Data - GreenThumb Garden Info"}},{"type":"Feature","id":526,"geometry":{"type":"Point","coordinates":[-73.9218855376874,40.673457256847]},"properties":{"FID":526,"address":"455 Ralph Avenue","borough":"B","gardenname":"Tehuti Ma’at Community Garden","juris":"DPR","status":"Active","crossstree":"St. Marks & Prospect Pl","ORIG_FID":525,"DataSource":"NYC Open Data - GreenThumb Garden Info"}},{"type":"Feature","id":527,"geometry":{"type":"Point","coordinates":[-73.9301030659037,40.6894370234]},"properties":{"FID":527,"address":"123 Malcolm X Boulevard","borough":"B","gardenname":"Patrick Van Doren Pocket Park","juris":"DPR","status":"Active","crossstree":"corner of Quincy St.","ORIG_FID":526,"DataSource":"NYC Open Data - GreenThumb Garden Info"}},{"type":"Feature","id":528,"geometry":{"type":"Point","coordinates":[-73.9218675548437,40.6877864122132]},"properties":{"FID":528,"address":"894 Madison Street","borough":"B","gardenname":"New Madison Harvest Community Garden","juris":"DPR","status":"Active","crossstree":"Howard & Ralph","ORIG_FID":527,"DataSource":"NYC Open Data - GreenThumb Garden Info"}},{"type":"Feature","id":529,"geometry":{"type":"Point","coordinates":[-73.9170535567762,40.6774193100531]},"properties":{"FID":529,"address":"13 Louis Place","borough":"B","gardenname":"Marge Matthews Garden","juris":"DPR","status":"Active","crossstree":"Louis Pl. between Herkimer St. and Atlantic Ave.","ORIG_FID":528,"DataSource":"NYC Open Data - GreenThumb Garden Info"}},{"type":"Feature","id":530,"geometry":{"type":"Point","coordinates":[-73.8875459640749,40.6665782103162]},"properties":{"FID":530,"address":"613 Hendrix Street","borough":"B","gardenname":"Victory Garden B5","juris":"DPR","status":"Active","crossstree":" ","ORIG_FID":529,"DataSource":"NYC Open Data - GreenThumb Garden Info"}},{"type":"Feature","id":531,"geometry":{"type":"Point","coordinates":[-73.9431107781398,40.6952079396947]},"properties":{"FID":531,"address":"253 Throop Avenue","borough":"B","gardenname":"Vernon and Throop Community Garden","juris":"DPR","status":"Active","crossstree":"Corner of Vernon Ave and Throop Ave.","ORIG_FID":530,"DataSource":"NYC Open Data - GreenThumb Garden Info"}},{"type":"Feature","id":532,"geometry":{"type":"Point","coordinates":[-73.9439469740736,40.6949977717298]},"properties":{"FID":532,"address":"200 Vernon Avenue","borough":"B","gardenname":"T&T Vernon Block Community Garden","juris":"DPR","status":"Active","crossstree":"Tompkins & Throop","ORIG_FID":531,"DataSource":"NYC Open Data - GreenThumb Garden Info"}},{"type":"Feature","id":533,"geometry":{"type":"Point","coordinates":[-73.8778146232463,40.6743138889748]},"properties":{"FID":533,"address":"2556 Pitkin Avenue","borough":"B","gardenname":"Upon This Rock Community Garden","juris":"DPR","status":"Active","crossstree":"Montauk & Milford","ORIG_FID":532,"DataSource":"NYC Open Data - GreenThumb Garden Info"}},{"type":"Feature","id":534,"geometry":{"type":"Point","coordinates":[-73.8939985332057,40.6674680741923]},"properties":{"FID":534,"address":"476 New Jersey Ave","borough":"B","gardenname":"New Jersey Avenue Community Garden","juris":"DPR","status":"Active","crossstree":"Blake & Dumont","ORIG_FID":533,"DataSource":"NYC Open Data - GreenThumb Garden Info"}},{"type":"Feature","id":535,"geometry":{"type":"Point","coordinates":[-73.8785004525338,40.6775242627346]},"properties":{"FID":535,"address":"81 Montauk Avenue","borough":"B","gardenname":"Shield of Faith","juris":"DPR","status":"Active","crossstree":"Atlantic & Liberty","ORIG_FID":534,"DataSource":"NYC Open Data - GreenThumb Garden Info"}},{"type":"Feature","id":536,"geometry":{"type":"Point","coordinates":[-73.9882422774591,40.5760271462358]},"properties":{"FID":536,"address":"2110 Mermaid Avenue","borough":"B","gardenname":"Santos Community Garden","juris":"DPR","status":"Active","crossstree":"W. 21st Street & W. 22nd Street","ORIG_FID":535,"DataSource":"NYC Open Data - GreenThumb Garden Info"}},{"type":"Feature","id":537,"geometry":{"type":"Point","coordinates":[-73.9402661325759,40.7160792600499]},"properties":{"FID":537,"address":"264 Skillman Avenue","borough":"B","gardenname":"Red Shed Community Garden","juris":"DPR","status":"Active","crossstree":"Kingsland Avenue, Maspeth Avenue","ORIG_FID":536,"DataSource":"NYC Open Data - GreenThumb Garden Info"}},{"type":"Feature","id":538,"geometry":{"type":"Point","coordinates":[-73.9491728895172,40.6937219242275]},"properties":{"FID":538,"address":"604 Marcy Avenue","borough":"B","gardenname":"Red Gate Garden","juris":"DPR","status":"Active","crossstree":"At Willoughby Avenue","ORIG_FID":537,"DataSource":"NYC Open Data - GreenThumb Garden Info"}},{"type":"Feature","id":539,"geometry":{"type":"Point","coordinates":[-73.9207174379594,40.672078807491]},"properties":{"FID":539,"address":"1711 Park Place","borough":"B","gardenname":"Preston Community Garden","juris":"DPR","status":"Inactive (Group Forming)","crossstree":"Ralph & Howard Avenues","ORIG_FID":538,"DataSource":"NYC Open Data - GreenThumb Garden Info"}},{"type":"Feature","id":540,"geometry":{"type":"Point","coordinates":[-73.9008880199661,40.6584924417728]},"properties":{"FID":540,"address":"633 Powell Street","borough":"B","gardenname":"A Patch of Inspiration","juris":"DPR","status":"Active","crossstree":"New Lots Avenue and Powell St.","ORIG_FID":539,"DataSource":"NYC Open Data - GreenThumb Garden Info"}},{"type":"Feature","id":541,"geometry":{"type":"Point","coordinates":[-73.9016922405045,40.6582261372265]},"properties":{"FID":541,"address":"93 New Lots Avenue","borough":"B","gardenname":"Green Valley Garden","juris":"DPR","status":"Active","crossstree":"Powell Street and Sachman Street","ORIG_FID":540,"DataSource":"NYC Open Data - GreenThumb Garden Info"}},{"type":"Feature","id":542,"geometry":{"type":"Point","coordinates":[-73.890779949535,40.666036881397]},"properties":{"FID":542,"address":"522 Bradford Street","borough":"B","gardenname":"Monty's Bradford Street Garden","juris":"DPR","status":"Active","crossstree":"Livonia & Dumont","ORIG_FID":541,"DataSource":"NYC Open Data - GreenThumb Garden Info"}},{"type":"Feature","id":543,"geometry":{"type":"Point","coordinates":[-73.8859272230629,40.6726283813948]},"properties":{"FID":543,"address":"444 Warwick Street","borough":"B","gardenname":"Gregory's Garden","juris":"DPR","status":"Inactive (Group Forming)","crossstree":"Belmont & Pitkin Avenues","ORIG_FID":542,"DataSource":"NYC Open Data - GreenThumb Garden Info"}},{"type":"Feature","id":544,"geometry":{"type":"Point","coordinates":[-73.8784463322324,40.6747046605917]},"properties":{"FID":544,"address":"2539 Pitkin Avenue","borough":"B","gardenname":"ENY Oasis Community Garden","juris":"DPR","status":"Active","crossstree":"Atkins/Montauk","ORIG_FID":543,"DataSource":"NYC Open Data - GreenThumb Garden Info"}},{"type":"Feature","id":545,"geometry":{"type":"Point","coordinates":[-73.955492079296,40.6839225667731]},"properties":{"FID":545,"address":"90 Madison Street","borough":"B","gardenname":"Madison Hill Community Garden","juris":"DPR","status":"Active","crossstree":"Bedford Avenue & Franklin Avenue","ORIG_FID":544,"DataSource":"NYC Open Data - GreenThumb Garden Info"}},{"type":"Feature","id":546,"geometry":{"type":"Point","coordinates":[-73.912980198977,40.6948036530662]},"properties":{"FID":546,"address":"1262 Madison Street","borough":"B","gardenname":"Madison Square Association Garden","juris":"DPR","status":"Active","crossstree":"Wilson & Knickerbocker","ORIG_FID":545,"DataSource":"NYC Open Data - GreenThumb Garden Info"}},{"type":"Feature","id":547,"geometry":{"type":"Point","coordinates":[-73.9522521412233,40.6612301948177]},"properties":{"FID":547,"address":"316 Lincoln Road","borough":"B","gardenname":"Lincoln Road Garden","juris":"DPR","status":"Active","crossstree":"Nostrand & Rogers","ORIG_FID":546,"DataSource":"NYC Open Data - GreenThumb Garden Info"}},{"type":"Feature","id":548,"geometry":{"type":"Point","coordinates":[-73.9576245058662,40.6803786146814]},"properties":{"FID":548,"address":"162 Lefferts Place","borough":"B","gardenname":"Lefferts Place Community Garden","juris":"DPR","status":"Active","crossstree":"Classon & Franklin","ORIG_FID":547,"DataSource":"NYC Open Data - GreenThumb Garden Info"}},{"type":"Feature","id":549,"geometry":{"type":"Point","coordinates":[-73.8880651166118,40.6723437810407]},"properties":{"FID":549,"address":"349 Schenck Avenue","borough":"B","gardenname":"Jerry and the Senior Gents of E.N.Y.","juris":"DPR","status":"Active","crossstree":"Belmont & Pitkin Avenues","ORIG_FID":548,"DataSource":"NYC Open Data - GreenThumb Garden Info"}},{"type":"Feature","id":550,"geometry":{"type":"Point","coordinates":[-73.8858159184698,40.6706549306805]},"properties":{"FID":550,"address":"447 Jerome Street","borough":"B","gardenname":"Jerome Gardens","juris":"DPR","status":"Active","crossstree":"At Sutter","ORIG_FID":549,"DataSource":"NYC Open Data - GreenThumb Garden Info"}},{"type":"Feature","id":551,"geometry":{"type":"Point","coordinates":[-73.916043066834,40.6755706078973]},"properties":{"FID":551,"address":"2084 Pacific Street","borough":"B","gardenname":"Eden Community Garden","juris":"DPR","status":"Inactive (No Group)","crossstree":"Saratoga Avenue & Thomas Boyland Blvd","ORIG_FID":550,"DataSource":"NYC Open Data - GreenThumb Garden Info"}},{"type":"Feature","id":552,"geometry":{"type":"Point","coordinates":[-73.8885019335174,40.6740761675811]},"properties":{"FID":552,"address":"281 Schenck Avenue","borough":"B","gardenname":"Herbal Garden of East New York","juris":"DPR","status":"Active","crossstree":"Glenmore and Pitkin Ave.","ORIG_FID":551,"DataSource":"NYC Open Data - GreenThumb Garden Info"}},{"type":"Feature","id":553,"geometry":{"type":"Point","coordinates":[-73.9472903018059,40.6931160473678]},"properties":{"FID":553,"address":"108 Hart Street","borough":"B","gardenname":"Hart to Hart Community Garden","juris":"DPR","status":"Active","crossstree":"Tompkins & Marcy","ORIG_FID":552,"DataSource":"NYC Open Data - GreenThumb Garden Info"}},{"type":"Feature","id":554,"geometry":{"type":"Point","coordinates":[-73.9430588782646,40.6831041819125]},"properties":{"FID":554,"address":"322 Hancock Street","borough":"B","gardenname":"Hancock Community Backyard Garden Park","juris":"DPR","status":"Active","crossstree":"Throop and Tompkins","ORIG_FID":553,"DataSource":"NYC Open Data - GreenThumb Garden Info"}},{"type":"Feature","id":555,"geometry":{"type":"Point","coordinates":[-73.9512863376943,40.6881536134985]},"properties":{"FID":555,"address":"490 Greene Avenue","borough":"B","gardenname":"Greene Avenue United Neighbors Community Garden","juris":"DPR","status":"Active","crossstree":"At Nostrand Avenue","ORIG_FID":554,"DataSource":"NYC Open Data - GreenThumb Garden Info"}},{"type":"Feature","id":556,"geometry":{"type":"Point","coordinates":[-73.8752854769432,40.6764974402047]},"properties":{"FID":556,"address":"147 Fountain Avenue","borough":"B","gardenname":"Green Gems","juris":"DPR","status":"Active","crossstree":"Glenmore Ave. & Liberty Ave.","ORIG_FID":555,"DataSource":"NYC Open Data - GreenThumb Garden Info"}},{"type":"Feature","id":557,"geometry":{"type":"Point","coordinates":[-73.907597987657,40.6823912074883]},"properties":{"FID":557,"address":"30 Granite Street","borough":"B","gardenname":"Granite Street Community Garden","juris":"DPR","status":"Active","crossstree":"Bushwick Ave & Broadway","ORIG_FID":556,"DataSource":"NYC Open Data - GreenThumb Garden Info"}},{"type":"Feature","id":558,"geometry":{"type":"Point","coordinates":[-73.8796712655164,40.6707316752267]},"properties":{"FID":558,"address":"555 Shepherd Avenue","borough":"B","gardenname":"Good Shepherds Community Group","juris":"DPR","status":"Active","crossstree":"Sutter & Blake Avenues","ORIG_FID":557,"DataSource":"NYC Open Data - GreenThumb Garden Info"}},{"type":"Feature","id":559,"geometry":{"type":"Point","coordinates":[-73.8899137171443,40.6742556470805]},"properties":{"FID":559,"address":"555 Glenmore Avenue","borough":"B","gardenname":"Escape to Nature","juris":"DPR","status":"Active","crossstree":"At 299 Hendrix Street","ORIG_FID":558,"DataSource":"NYC Open Data - GreenThumb Garden Info"}},{"type":"Feature","id":560,"geometry":{"type":"Point","coordinates":[-73.8844784772999,40.6737703558173]},"properties":{"FID":560,"address":"2379 Pitkin Avenue","borough":"B","gardenname":"Floral Vineyard","juris":"DPR","status":"Active","crossstree":"Cleveland & Ashford Street","ORIG_FID":559,"DataSource":"NYC Open Data - GreenThumb Garden Info"}},{"type":"Feature","id":561,"geometry":{"type":"Point","coordinates":[-73.8909434067128,40.6666876164404]},"properties":{"FID":561,"address":"746 Dumont Avenue","borough":"B","gardenname":"Dumont Garden of Green","juris":"DPR","status":"Active","crossstree":"At Bradford St.","ORIG_FID":560,"DataSource":"NYC Open Data - GreenThumb Garden Info"}},{"type":"Feature","id":562,"geometry":{"type":"Point","coordinates":[-73.9443295393767,40.6879196045062]},"properties":{"FID":562,"address":"397 Quincy Street","borough":"B","gardenname":"First Quincy Street Community Garden","juris":"DPR","status":"Active","crossstree":"Tompkins & Throop Avenues","ORIG_FID":561,"DataSource":"NYC Open Data - GreenThumb Garden Info"}},{"type":"Feature","id":563,"geometry":{"type":"Point","coordinates":[-73.9180951146977,40.6746005748567]},"properties":{"FID":563,"address":"1905 Bergen Street","borough":"B","gardenname":"Friends of Flowers Community Garden","juris":"DPR","status":"Active","crossstree":" ","ORIG_FID":562,"DataSource":"NYC Open Data - GreenThumb Garden Info"}},{"type":"Feature","id":564,"geometry":{"type":"Point","coordinates":[-73.9182970106984,40.6746115025189]},"properties":{"FID":564,"address":"1901 Bergen Street","borough":"B","gardenname":"Farmers Garden","juris":"DPR","status":"Active","crossstree":"Howard & Saratoga Avenues","ORIG_FID":563,"DataSource":"NYC Open Data - GreenThumb Garden Info"}},{"type":"Feature","id":565,"geometry":{"type":"Point","coordinates":[-73.9168980073371,40.6643358892899]},"properties":{"FID":565,"address":"181 Legion Street","borough":"B","gardenname":"Fantasy Garden","juris":"DPR","status":"Active","crossstree":"Blake & Dumont Avenues","ORIG_FID":564,"DataSource":"NYC Open Data - GreenThumb Garden Info"}},{"type":"Feature","id":566,"geometry":{"type":"Point","coordinates":[-73.8813531731104,40.6653604940916]},"properties":{"FID":566,"address":"793 Cleveland Street","borough":"B","gardenname":"Family Community Garden Brooklyn","juris":"DPR","status":"Active","crossstree":"Hegeman & New Lots Avenues","ORIG_FID":565,"DataSource":"NYC Open Data - GreenThumb Garden Info"}},{"type":"Feature","id":567,"geometry":{"type":"Point","coordinates":[-73.8718611904416,40.6736576320941]},"properties":{"FID":567,"address":"532 Euclid Avenue","borough":"B","gardenname":"Euclid 500 Community Garden","juris":"DPR","status":"Active","crossstree":"Belmont & Sutter Avenues","ORIG_FID":566,"DataSource":"NYC Open Data - GreenThumb Garden Info"}},{"type":"Feature","id":568,"geometry":{"type":"Point","coordinates":[-73.8818477705581,40.6686603629854]},"properties":{"FID":568,"address":"585 Elton Street","borough":"B","gardenname":"Elton Street Community Garden","juris":"DPR","status":"Active","crossstree":"Blake & Dumont Avenues","ORIG_FID":567,"DataSource":"NYC Open Data - GreenThumb Garden Info"}},{"type":"Feature","id":569,"geometry":{"type":"Point","coordinates":[-73.9592422837044,40.6703496531141]},"properties":{"FID":569,"address":"1029 Union Street","borough":"B","gardenname":"Union Street Garden and Community Development","juris":"DPR","status":"Active","crossstree":"Classon & Franklin Avenues","ORIG_FID":568,"DataSource":"NYC Open Data - GreenThumb Garden Info"}},{"type":"Feature","id":570,"geometry":{"type":"Point","coordinates":[-73.890786777188,40.6736706623713]},"properties":{"FID":570,"address":"260 Van Siclen Avenue","borough":"B","gardenname":"East End Community Garden","juris":"DPR","status":"Active","crossstree":"At Glenmore Avenue","ORIG_FID":569,"DataSource":"NYC Open Data - GreenThumb Garden Info"}},{"type":"Feature","id":571,"geometry":{"type":"Point","coordinates":[-73.9536444842055,40.6774268247882]},"properties":{"FID":571,"address":"1095 Dean Street","borough":"B","gardenname":"Walt L. Shamel Community Garden","juris":"DPR","status":"Active","crossstree":"Bedford/ Franklin","ORIG_FID":570,"DataSource":"NYC Open Data - GreenThumb Garden Info"}},{"type":"Feature","id":572,"geometry":{"type":"Point","coordinates":[-73.8753920502029,40.678079518555]},"properties":{"FID":572,"address":"35 Crystal Street","borough":"B","gardenname":"Crystal Wells Community Garden","juris":"DPR","status":"Active","crossstree":"Liberty and Wells Street","ORIG_FID":571,"DataSource":"NYC Open Data - GreenThumb Garden Info"}},{"type":"Feature","id":573,"geometry":{"type":"Point","coordinates":[-73.9107431084077,40.6846874194888]},"properties":{"FID":573,"address":"41 Cooper Street","borough":"B","gardenname":"Cooper Street Block Buster Community Garden","juris":"DPR","status":"Active","crossstree":"Bushwick Avenue & Broadway","ORIG_FID":572,"DataSource":"NYC Open Data - GreenThumb Garden Info"}},{"type":"Feature","id":574,"geometry":{"type":"Point","coordinates":[-73.8781893212801,40.6738554038039]},"properties":{"FID":574,"address":"214 Montauk Avenue","borough":"B","gardenname":"Montauk Atkins Community Garden","juris":"DPR","status":"Active","crossstree":"Pitkin & Belmont Avenues","ORIG_FID":573,"DataSource":"NYC Open Data - GreenThumb Garden Info"}},{"type":"Feature","id":575,"geometry":{"type":"Point","coordinates":[-73.887749265716,40.6741911261196]},"properties":{"FID":575,"address":"351 Barbey Street","borough":"B","gardenname":"Concerned Residents of Barbey Street","juris":"DPR","status":"Active","crossstree":"At Barbey Street","ORIG_FID":574,"DataSource":"NYC Open Data - GreenThumb Garden Info"}},{"type":"Feature","id":576,"geometry":{"type":"Point","coordinates":[-73.9546570093135,40.6885524448395]},"properties":{"FID":576,"address":"1031 Bedford Avenue","borough":"B","gardenname":"Clifton Place Memorial Garden & Park","juris":"DPR","status":"Active","crossstree":"Clifton Pl. & Greene Avenue","ORIG_FID":575,"DataSource":"NYC Open Data - GreenThumb Garden Info"}},{"type":"Feature","id":577,"geometry":{"type":"Point","coordinates":[-73.889118812683,40.6743902603023]},"properties":{"FID":577,"address":"579 Glenmore Avenue","borough":"B","gardenname":"Clara's Garden","juris":"DPR","status":"Active","crossstree":"At Schenck Avenue","ORIG_FID":576,"DataSource":"NYC Open Data - GreenThumb Garden Info"}},{"type":"Feature","id":578,"geometry":{"type":"Point","coordinates":[-73.8871037773174,40.6660303172454]},"properties":{"FID":578,"address":"590 Schenck Avenue (641 Hendrix Street)","borough":"B","gardenname":"Commitment Garden","juris":"DPR","status":"Active","crossstree":"Livonia Ave. and Dumont Ave.","ORIG_FID":577,"DataSource":"NYC Open Data - GreenThumb Garden Info"}},{"type":"Feature","id":579,"geometry":{"type":"Point","coordinates":[-73.88738243675,40.6658977652697]},"properties":{"FID":579,"address":"641 Hendrix Street","borough":"B","gardenname":"Triple R (Rest, Reflection, Relaxation)","juris":"DPR","status":"Not GreenThumb","crossstree":"Dumont & Livonia Streets","ORIG_FID":578,"DataSource":"NYC Open Data - GreenThumb Garden Info"}},{"type":"Feature","id":580,"geometry":{"type":"Point","coordinates":[-73.9591312165324,40.6877470246055]},"properties":{"FID":580,"address":"305 Greene Avenue","borough":"B","gardenname":"Cedar Tree Garden","juris":"DPR","status":"Active","crossstree":"Classon & Franklin Avenues","ORIG_FID":579,"DataSource":"NYC Open Data - GreenThumb Garden Info"}},{"type":"Feature","id":581,"geometry":{"type":"Point","coordinates":[-73.8895468072393,40.6684105556027]},"properties":{"FID":581,"address":"790 Blake Avenue","borough":"B","gardenname":"CAUSA Festival Garden","juris":"DPR","status":"Active","crossstree":"At Van Siclen Avenue","ORIG_FID":580,"DataSource":"NYC Open Data - GreenThumb Garden Info"}},{"type":"Feature","id":582,"geometry":{"type":"Point","coordinates":[-73.8895821344079,40.6687268327772]},"properties":{"FID":582,"address":"436 Van Siclen Avenue","borough":"B","gardenname":"Big Red Community Garden","juris":"DPR","status":"Active","crossstree":"Blake & Sutter Avenues","ORIG_FID":581,"DataSource":"NYC Open Data - GreenThumb Garden Info"}},{"type":"Feature","id":583,"geometry":{"type":"Point","coordinates":[-73.9501406400784,40.70980382049]},"properties":{"FID":583,"address":"17 Ten Eyck Street","borough":"B","gardenname":"Ten Eyck Garden","juris":"DPR","status":"Active","crossstree":"Union & Lorimer","ORIG_FID":582,"DataSource":"NYC Open Data - GreenThumb Garden Info"}},{"type":"Feature","id":584,"geometry":{"type":"Point","coordinates":[-73.9635381697507,40.7133535102564]},"properties":{"FID":584,"address":"303 Berry Street","borough":"B","gardenname":"Berry Street Garden","juris":"DPR","status":"Active","crossstree":"S 2nd & 3rd Streets","ORIG_FID":583,"DataSource":"NYC Open Data - GreenThumb Garden Info"}},{"type":"Feature","id":585,"geometry":{"type":"Point","coordinates":[-73.8785216738361,40.6737957104037]},"properties":{"FID":585,"address":"213 Atkins Avenue","borough":"B","gardenname":"Atkins Gardeners","juris":"DPR","status":"Not GreenThumb","crossstree":"Pitkin & Belmont Avenues","ORIG_FID":584,"DataSource":"NYC Open Data - GreenThumb Garden Info"}},{"type":"Feature","id":586,"geometry":{"type":"Point","coordinates":[-73.8920870205995,40.6697123044793]},"properties":{"FID":586,"address":"716 Sutter Avenue","borough":"B","gardenname":"Artsy Bloom Community Garden","juris":"DPR","status":"Active","crossstree":"corner of Wyona St.","ORIG_FID":585,"DataSource":"NYC Open Data - GreenThumb Garden Info"}},{"type":"Feature","id":587,"geometry":{"type":"Point","coordinates":[-73.9466864592127,40.6931789396564]},"properties":{"FID":587,"address":"122 Hart Street","borough":"B","gardenname":"American Heart Garden","juris":"DPR","status":"Active","crossstree":"Tompkins & Marcy Avenues","ORIG_FID":586,"DataSource":"NYC Open Data - GreenThumb Garden Info"}},{"type":"Feature","id":588,"geometry":{"type":"Point","coordinates":[-73.9139147141927,40.6652394903103]},"properties":{"FID":588,"address":"208 Amboy Street","borough":"B","gardenname":"Amboy Street Garden","juris":"DPR","status":"Active","crossstree":"between Blake & Herzl","ORIG_FID":587,"DataSource":"NYC Open Data - GreenThumb Garden Info"}},{"type":"Feature","id":589,"geometry":{"type":"Point","coordinates":[-73.9458344028354,40.6943937177959]},"properties":{"FID":589,"address":"149 Tompkins Avenue","borough":"B","gardenname":"All People's Community Garden","juris":"DPR","status":"Active","crossstree":"At Willoughby","ORIG_FID":588,"DataSource":"NYC Open Data - GreenThumb Garden Info"}},{"type":"Feature","id":590,"geometry":{"type":"Point","coordinates":[-73.9143860965411,40.6838063671702]},"properties":{"FID":590,"address":"721 Decatur Street","borough":"B","gardenname":"721 Decatur Street Community Garden","juris":"DPR","status":"Active","crossstree":"Thomas Boyland Ave & Decatur St.","ORIG_FID":589,"DataSource":"NYC Open Data - GreenThumb Garden Info"}},{"type":"Feature","id":591,"geometry":{"type":"Point","coordinates":[-73.9096437915277,40.659016479427]},"properties":{"FID":591,"address":"148 Newport Street","borough":"B","gardenname":"Gethsemane Garden","juris":"DPR","status":"Inactive (No Group)","crossstree":"Chester & Bristol Streets","ORIG_FID":590,"DataSource":"NYC Open Data - GreenThumb Garden Info"}},{"type":"Feature","id":592,"geometry":{"type":"Point","coordinates":[-73.9234801786673,40.6911472767255]},"properties":{"FID":592,"address":"46 Goodwin Place","borough":"B","gardenname":"Good Life Garden","juris":"DPR","status":"Active","crossstree":"Grove street & Goodwin Pl","ORIG_FID":591,"DataSource":"NYC Open Data - GreenThumb Garden Info"}},{"type":"Feature","id":593,"geometry":{"type":"Point","coordinates":[-73.9440109869175,40.7052893605156]},"properties":{"FID":593,"address":"101 McKibbin Street","borough":"B","gardenname":"Sunshine Community Garden","juris":"DPR","status":"Active","crossstree":"Manhattan & Graham Avenues","ORIG_FID":592,"DataSource":"NYC Open Data - GreenThumb Garden Info"}},{"type":"Feature","id":594,"geometry":{"type":"Point","coordinates":[-73.9397140639529,40.7127335832883]},"properties":{"FID":594,"address":"278 Powers Street","borough":"B","gardenname":"Powers Street Garden","juris":"DPR","status":"Active","crossstree":"Olive & Bushwick Streets","ORIG_FID":593,"DataSource":"NYC Open Data - GreenThumb Garden Info"}},{"type":"Feature","id":595,"geometry":{"type":"Point","coordinates":[-73.9390558150737,40.7133053740438]},"properties":{"FID":595,"address":"25 Olive Street","borough":"B","gardenname":"Olive Street Garden","juris":"DPR","status":"Active","crossstree":"At Powers St. & Devoe St.","ORIG_FID":594,"DataSource":"NYC Open Data - GreenThumb Garden Info"}},{"type":"Feature","id":596,"geometry":{"type":"Point","coordinates":[-73.9594300531544,40.7125365436266]},"properties":{"FID":596,"address":"207 South 2nd Street","borough":"B","gardenname":"El Puente: Espiritu Tierra Community Garden - Earth Spirit","juris":"DPR","status":"Active","crossstree":"Roebling Street & Driggs Avenue","ORIG_FID":595,"DataSource":"NYC Open Data - GreenThumb Garden Info"}},{"type":"Feature","id":597,"geometry":{"type":"Point","coordinates":[-73.9480237681823,40.7027361852268]},"properties":{"FID":597,"address":"110 Walton Street","borough":"B","gardenname":"George Washington Carver Community Garden","juris":"DPR","status":"Active","crossstree":"Harrison Ave & Throop","ORIG_FID":596,"DataSource":"NYC Open Data - GreenThumb Garden Info"}},{"type":"Feature","id":598,"geometry":{"type":"Point","coordinates":[-73.9792635594657,40.6869470380754]},"properties":{"FID":598,"address":"104 Rockwell Place","borough":"B","gardenname":"Brooklyn Bears/Rockwell Place Garden","juris":"DPR","status":"Active","crossstree":"At Lafayette Avenue","ORIG_FID":597,"DataSource":"NYC Open Data - GreenThumb Garden Info"}},{"type":"Feature","id":599,"geometry":{"type":"Point","coordinates":[-73.9710695197425,40.6857076958535]},"properties":{"FID":599,"address":"397 Carlton Avenue","borough":"B","gardenname":"Brooklyn Bears/Carlton Avenue Garden","juris":"DPR","status":"Active","crossstree":"Greene Avenue & Fulton Street","ORIG_FID":598,"DataSource":"NYC Open Data - GreenThumb Garden Info"}},{"type":"Feature","id":600,"geometry":{"type":"Point","coordinates":[-73.9194497563012,40.6877161949465]},"properties":{"FID":600,"address":"1448 Broadway","borough":"B","gardenname":"Umoja Garden","juris":"DPR","status":"Active","crossstree":"Putnam Avenue.","ORIG_FID":599,"DataSource":"NYC Open Data - GreenThumb Garden Info"}},{"type":"Feature","id":601,"geometry":{"type":"Point","coordinates":[-73.8848999940395,40.6746590164005]},"properties":{"FID":601,"address":"686 Glenmore Avenue","borough":"B","gardenname":"Paradise Community Garden","juris":"DPR","status":"Active","crossstree":"Ashford St. & Cleveland St.","ORIG_FID":600,"DataSource":"NYC Open Data - GreenThumb Garden Info"}},{"type":"Feature","id":602,"geometry":{"type":"Point","coordinates":[-73.9006500368696,40.6727184260146]},"properties":{"FID":602,"address":"275 Glenmore Avenue","borough":"B","gardenname":"TLC Sculpture Park Garden","juris":"DPR","status":"Active","crossstree":"Hinsdale & Williams","ORIG_FID":601,"DataSource":"NYC Open Data - GreenThumb Garden Info"}},{"type":"Feature","id":603,"geometry":{"type":"Point","coordinates":[-73.8944498489813,40.6610031591685]},"properties":{"FID":603,"address":"328 New Lots Avenue","borough":"B","gardenname":"Georgia Avenue Community Garden","juris":"DPR","status":"Active","crossstree":"At Georgia Avenue","ORIG_FID":602,"DataSource":"NYC Open Data - GreenThumb Garden Info"}},{"type":"Feature","id":604,"geometry":{"type":"Point","coordinates":[-73.9771238456889,40.6483664937187]},"properties":{"FID":604,"address":"171 E 4th Street","borough":"B","gardenname":"East 4th Street Community Garden (Windsor Terrace Kensington Veterans Memorial)","juris":"DPR","status":"Active","crossstree":"Ft. Hamilton Pkwy & Caton Avenue","ORIG_FID":603,"DataSource":"NYC Open Data - GreenThumb Garden Info"}},{"type":"Feature","id":605,"geometry":{"type":"Point","coordinates":[-73.9076537402279,40.680143602945]},"properties":{"FID":605,"address":"227 Hull Street","borough":"B","gardenname":"Betty's Community Garden at Hull Street","juris":"DPR","status":"Active","crossstree":"Mother Gaston & Broadway","ORIG_FID":604,"DataSource":"NYC Open Data - GreenThumb Garden Info"}},{"type":"Feature","id":606,"geometry":{"type":"Point","coordinates":[-74.0036690122151,40.6824606135665]},"properties":{"FID":606,"address":"281 Columbia Street","borough":"B","gardenname":"Summit Street Community Garden","juris":"DPR","status":"Active","crossstree":"Columbia/NE corner of Summit/Hicks","ORIG_FID":605,"DataSource":"NYC Open Data - GreenThumb Garden Info"}},{"type":"Feature","id":607,"geometry":{"type":"Point","coordinates":[-74.0056059576488,40.6832505133006]},"properties":{"FID":607,"address":"69 Hamilton Avenue","borough":"B","gardenname":"Backyard Garden","juris":"DPR","status":"Active","crossstree":"At Van Brunt Street","ORIG_FID":606,"DataSource":"NYC Open Data - GreenThumb Garden Info"}},{"type":"Feature","id":608,"geometry":{"type":"Point","coordinates":[-74.0033339041364,40.6831338163726]},"properties":{"FID":608,"address":"265 Columbia Street","borough":"B","gardenname":"Amazing Garden","juris":"DPR","status":"Active","crossstree":"At Carroll Street","ORIG_FID":607,"DataSource":"NYC Open Data - GreenThumb Garden Info"}},{"type":"Feature","id":609,"geometry":{"type":"Point","coordinates":[-74.002465061913,40.6848692075479]},"properties":{"FID":609,"address":"134 Sackett Street","borough":"B","gardenname":"Human Compass Community Garden","juris":"DPR","status":"Active","crossstree":"Columbia At Sackett","ORIG_FID":608,"DataSource":"NYC Open Data - GreenThumb Garden Info"}},{"type":"Feature","id":610,"geometry":{"type":"Point","coordinates":[-73.9485351379862,40.6898162998824]},"properties":{"FID":610,"address":"719 Marcy Avenue","borough":"B","gardenname":"Hattie Carthan Community Garden","juris":"DPR","status":"Active","crossstree":"Lafayette & Clifton","ORIG_FID":609,"DataSource":"NYC Open Data - GreenThumb Garden Info"}},{"type":"Feature","id":611,"geometry":{"type":"Point","coordinates":[-73.9485351379862,40.6898162998824]},"properties":{"FID":611,"address":"719 Marcy Avenue","borough":"B","gardenname":"Hattie Carthan Community Garden","juris":"DPR","status":"Active","crossstree":"Lafayette & Clifton","ORIG_FID":610,"DataSource":"NYC Open Data - GreenThumb Garden Info"}},{"type":"Feature","id":612,"geometry":{"type":"Point","coordinates":[-73.9824660776473,40.6769267216909]},"properties":{"FID":612,"address":"634 Union Street","borough":"B","gardenname":"Garden of Union (Annie's Garden)","juris":"DPR","status":"Active","crossstree":"4th & 5th Avenues","ORIG_FID":611,"DataSource":"NYC Open Data - GreenThumb Garden Info"}},{"type":"Feature","id":613,"geometry":{"type":"Point","coordinates":[-73.9392487718133,40.6922445827214]},"properties":{"FID":613,"address":"385 Kosciusko Street","borough":"B","gardenname":"Kosciusko Street Garden and Learning Center","juris":"DPR","status":"Active","crossstree":"Marcus Garvey Blvd and Lewis Avenue","ORIG_FID":612,"DataSource":"NYC Open Data - GreenThumb Garden Info"}},{"type":"Feature","id":614,"geometry":{"type":"Point","coordinates":[-74.0051375331706,40.6844244361389]},"properties":{"FID":614,"address":"125 Van Brunt Street","borough":"B","gardenname":"Urban Meadow","juris":"DPR","status":"Active","crossstree":"Corner of President & Van Brunt Streets","ORIG_FID":613,"DataSource":"NYC Open Data - GreenThumb Garden Info"}},{"type":"Feature","id":615,"geometry":{"type":"Point","coordinates":[-73.9621829202056,40.6536601838704]},"properties":{"FID":615,"address":"106 Woodruff Avenue","borough":"B","gardenname":"Woodruff Avenue Community Garden","juris":"DCAS","status":"Not GreenThumb","crossstree":" ","ORIG_FID":614,"DataSource":"NYC Open Data - GreenThumb Garden Info"}},{"type":"Feature","id":616,"geometry":{"type":"Point","coordinates":[-73.8974438926215,40.6645892462967]},"properties":{"FID":616,"address":"461 Williams Avenue","borough":"B","gardenname":"Success Garden - East New York","juris":"DPR","status":"Active","crossstree":"Livonia and Dumont Ave.","ORIG_FID":615,"DataSource":"NYC Open Data - GreenThumb Garden Info"}},{"type":"Feature","id":617,"geometry":{"type":"Point","coordinates":[-73.9460164184229,40.6991980985135]},"properties":{"FID":617,"address":"158 Hopkins Street","borough":"B","gardenname":"Raise the Roof Garden","juris":"DPR","status":"Not GreenThumb","crossstree":"Tomkins & Throop","ORIG_FID":616,"DataSource":"NYC Open Data - GreenThumb Garden Info"}},{"type":"Feature","id":618,"geometry":{"type":"Point","coordinates":[-73.934866862016,40.6738789975178]},"properties":{"FID":618,"address":"1251 Prospect Place","borough":"B","gardenname":"Garden Kitchen Lab at St. John's Rec.","juris":"DPR","status":"Not GreenThumb","crossstree":"Troy and Schenectady Ave.","ORIG_FID":617,"DataSource":"NYC Open Data - GreenThumb Garden Info"}},{"type":"Feature","id":619,"geometry":{"type":"Point","coordinates":[-73.9267297116069,40.6879745270029]},"properties":{"FID":619,"address":"742 Monroe Street","borough":"B","gardenname":"Citizens for a Better Community Garden","juris":"DPR","status":"Active","crossstree":"Monroe St. & Madison St.","ORIG_FID":618,"DataSource":"NYC Open Data - GreenThumb Garden Info"}},{"type":"Feature","id":620,"geometry":{"type":"Point","coordinates":[-73.9452208169871,40.7200876661129]},"properties":{"FID":620,"address":"478 Graham Avenue","borough":"B","gardenname":"Lentol Garden","juris":"DPR","status":"Active","crossstree":"Bayard Street and Meeker Ave","ORIG_FID":619,"DataSource":"NYC Open Data - GreenThumb Garden Info"}},{"type":"Feature","id":621,"geometry":{"type":"Point","coordinates":[-73.993196748731,40.7012998258264]},"properties":{"FID":621,"address":"25 Poplar Street","borough":"B","gardenname":"Poplar Street Community Garden","juris":"DOT","status":"Active","crossstree":"At Hicks St","ORIG_FID":620,"DataSource":"NYC Open Data - GreenThumb Garden Info"}},{"type":"Feature","id":622,"geometry":{"type":"Point","coordinates":[-73.9990758309848,40.6925716760421]},"properties":{"FID":622,"address":"46 Columbia Pl, Brooklyn, NY 11201","borough":"B","gardenname":"Willowtown Community Garden","juris":"DPR","status":"Not GreenThumb","crossstree":" ","ORIG_FID":621,"DataSource":"NYC Open Data - GreenThumb Garden Info"}},{"type":"Feature","id":623,"geometry":{"type":"Point","coordinates":[-73.8886097820158,40.6299876785885]},"properties":{"FID":623,"address":"9299 Schenck Street","borough":"B","gardenname":"Canarsie Neighborhood Farm and Garden","juris":"DPR","status":"Active","crossstree":"Corner of E. 93rd & Schenck","ORIG_FID":622,"DataSource":"NYC Open Data - GreenThumb Garden Info"}},{"type":"Feature","id":624,"geometry":{"type":"Point","coordinates":[-73.9641566919777,40.7077829835979]},"properties":{"FID":624,"address":"451 Bedford Avenue","borough":"B","gardenname":"La Casita Verde Community Garden","juris":"DPR","status":"Active","crossstree":"corner of Bedford ave and Division Ave.","ORIG_FID":623,"DataSource":"NYC Open Data - GreenThumb Garden Info"}},{"type":"Feature","id":625,"geometry":{"type":"Point","coordinates":[-74.0098330032905,40.6724740487384]},"properties":{"FID":625,"address":"558 Columbia Street","borough":"B","gardenname":"Red Hook Community Farm / Added Value","juris":"DPR","status":"Not GreenThumb","crossstree":"Otsego/Sigourney/Halleck","ORIG_FID":624,"DataSource":"NYC Open Data - GreenThumb Garden Info"}},{"type":"Feature","id":626,"geometry":{"type":"Point","coordinates":[-73.9467398132917,40.6890376245868]},"properties":{"FID":626,"address":"670 Lafayette Ave.","borough":"B","gardenname":"Von King Park and Cultural Center Garden","juris":"DPR","status":"Not GreenThumb","crossstree":"btw Marcy and Tompkins Ave. inside Von King Park","ORIG_FID":625,"DataSource":"NYC Open Data - GreenThumb Garden Info"}},{"type":"Feature","id":627,"geometry":{"type":"Point","coordinates":[-73.9507652462191,40.7190890481211]},"properties":{"FID":627,"address":"776 LORIMER STREET","borough":"B","gardenname":"Nick's Garden","juris":"DPR","status":"Not GreenThumb","crossstree":"Lorimer and Bayard Streets","ORIG_FID":626,"DataSource":"NYC Open Data - GreenThumb Garden Info"}},{"type":"Feature","id":628,"geometry":{"type":"Point","coordinates":[-73.9528150457777,40.719593936511]},"properties":{"FID":628,"address":"229 North 12th Street","borough":"B","gardenname":"Green Dome","juris":"DPR","status":"Active","crossstree":"Driggs and Union (On McArren Square)","ORIG_FID":627,"DataSource":"NYC Open Data - GreenThumb Garden Info"}},{"type":"Feature","id":629,"geometry":{"type":"Point","coordinates":[-73.8878986125309,40.6829579494499]},"properties":{"FID":629,"address":"400 Jamaica Avenue","borough":"B","gardenname":"Highland Park Community Garden","juris":"DPR","status":"Active","crossstree":"Ashford & Warwick","ORIG_FID":628,"DataSource":"NYC Open Data - GreenThumb Garden Info"}},{"type":"Feature","id":630,"geometry":{"type":"Point","coordinates":[-73.940349914317,40.7148174140925]},"properties":{"FID":630,"address":"2 Orient Avenue","borough":"B","gardenname":"Orient Grove","juris":"DPR","status":"Not GreenThumb","crossstree":"Metropolitan Ave. & Olive St.","ORIG_FID":629,"DataSource":"NYC Open Data - GreenThumb Garden Info"}}]}